-- ============================================
-- MRJZ 数据库完整备份
-- 导出时间: 2026/1/16 12:40:00
-- 数据库: mrjz
-- ============================================

USE `mrjz`;

SET FOREIGN_KEY_CHECKS = 0;
SET SQL_MODE = "NO_AUTO_VALUE_ON_ZERO";
SET time_zone = "+00:00";

--
-- 表: achievements
--

TRUNCATE TABLE `achievements`;

INSERT INTO `achievements` (`id`, `match_id`, `player_id`, `achievement_type`, `achievement_name`, `achievement_desc`, `team`, `value`, `created_at`) VALUES
(55, 8339878490, 53, 'perfect_game', '完美演出', '在获胜的比赛中0死亡', NULL, NULL, '2026-01-15 09:48:12'),
(56, 8337154327, 64, 'perfect_game', '完美演出', '在获胜的比赛中0死亡', NULL, NULL, '2026-01-15 09:48:39'),
(57, 8331857989, 67, 'carry_game', '对不起这把比赛我要赢', '获胜的比赛中击杀数量超过全队的1/2', NULL, '{"kills":25,"team_kills":49}', '2026-01-15 09:48:54'),
(58, 8331601852, 88, 'triple_double', '你也是威少粉丝', '完成三双（击杀、助攻、死亡）', NULL, '{"kills":14,"deaths":10,"assists":19}', '2026-01-15 09:49:01'),
(59, 8330386933, 52, 'perfect_game', '完美演出', '在获胜的比赛中0死亡', NULL, NULL, '2026-01-15 09:49:15'),
(60, 8330386933, 53, 'carry_game', '对不起这把比赛我要赢', '获胜的比赛中击杀数量超过全队的1/2', NULL, '{"kills":14,"team_kills":20}', '2026-01-15 09:49:15'),
(61, 8330386933, 53, 'perfect_game', '完美演出', '在获胜的比赛中0死亡', NULL, NULL, '2026-01-15 09:49:15'),
(62, 8330305420, 78, 'carry_game', '对不起这把比赛我要赢', '获胜的比赛中击杀数量超过全队的1/2', NULL, '{"kills":18,"team_kills":31}', '2026-01-15 09:49:21'),
(63, 8329198991, 99, 'perfect_game', '完美演出', '在获胜的比赛中0死亡', NULL, NULL, '2026-01-15 09:49:29'),
(64, 8329149780, 79, 'carry_game', '对不起这把比赛我要赢', '获胜的比赛中击杀数量超过全队的1/2', NULL, '{"kills":15,"team_kills":29}', '2026-01-15 09:49:33'),
(65, 8329149780, 82, 'perfect_game', '完美演出', '在获胜的比赛中0死亡', NULL, NULL, '2026-01-15 09:49:33'),
(66, 8329062663, 56, 'perfect_game', '完美演出', '在获胜的比赛中0死亡', NULL, NULL, '2026-01-15 09:49:36'),
(67, 8327905462, 53, 'triple_double', '你也是威少粉丝', '完成三双（击杀、助攻、死亡）', NULL, '{"kills":10,"deaths":14,"assists":14}', '2026-01-15 09:49:43'),
(68, 8649037382, 101, 'carry_game', '对不起这把比赛我要赢', '获胜的比赛中击杀数量超过全队的1/2', NULL, '{"kills":22,"team_kills":39}', '2026-01-15 11:20:41'),
(69, 8648991740, 78, 'perfect_game', '完美演出', '在获胜的比赛中0死亡', NULL, NULL, '2026-01-15 11:20:44'),
(70, 8648991740, 103, 'perfect_game', '完美演出', '在获胜的比赛中0死亡', NULL, NULL, '2026-01-15 11:20:44');

--
-- 表: api_keys
--

TRUNCATE TABLE `api_keys`;

INSERT INTO `api_keys` (`id`, `key_value`, `is_active`, `usage_count`, `last_used_at`, `created_at`) VALUES
(1, 'E613C759C880A8B3241123D25AF1B0C3', 1, 0, NULL, '2026-01-13 09:13:25');

--
-- 表: editions
--

TRUNCATE TABLE `editions`;

INSERT INTO `editions` (`edition_id`, `edition_number`, `edition_name`, `start_date`, `end_date`, `description`, `is_active`, `created_at`, `updated_at`) VALUES
(1, 1, '第一届 MRJZ 赛事', '2024-12-31 16:00:00', '2025-12-30 16:00:00', '首届赛事，2026年1月1日之前的所有比赛', 1, '2026-01-14 10:25:34', '2026-01-14 10:25:34'),
(2, 2, '第二届 MRJZ 赛事', '2025-12-31 16:00:00', '2026-02-14 16:00:00', '第二届赛事，2026年1月1日至2月15日', 1, '2026-01-14 10:25:34', '2026-01-14 10:25:34');

-- 表 heroes 无数据

--
-- 表: match_players
--

TRUNCATE TABLE `match_players`;

INSERT INTO `match_players` (`id`, `match_id`, `player_id`, `hero_id`, `team`, `kills`, `deaths`, `assists`, `gpm`, `xpm`, `items`, `ability_upgrades`, `hero_damage`, `tower_damage`, `hero_healing`, `created_at`, `item_backpack_0`, `item_backpack_1`, `item_backpack_2`, `item_neutral`, `lane`, `net_worth`, `last_hits`, `denies`) VALUES
(922, 8339878490, 51, 128, 'radiant', 4, 3, 15, 352, 529, '[40,4205,218,73,1466,231]', '[]', 11945, 676, 5867, '2026-01-15 09:48:12', NULL, 188, 4204, 1605, NULL, 13254, 69, 1),
(923, 8339878490, 52, 25, 'radiant', 11, 1, 18, 676, 886, '[1,277,176,41,48]', '[]', 32037, 7515, 269, '2026-01-15 09:48:12', NULL, NULL, NULL, 1607, NULL, 25370, 301, 13),
(924, 8339878490, 53, 54, 'radiant', 9, 0, 9, 700, 915, '[170,50,208,108,137,135]', '[]', 18759, 11793, 3028, '2026-01-15 09:48:12', NULL, NULL, NULL, 1605, NULL, 26208, 365, 21),
(925, 8339878490, 54, 68, 'radiant', 3, 3, 19, 383, 544, '[1466,244,30,34,180,43]', '[]', 11903, 121, 0, '2026-01-15 09:48:12', NULL, NULL, 188, 1158, NULL, 12611, 60, 2),
(926, 8339878490, 55, 42, 'radiant', 5, 3, 12, 580, 768, '[1,112,65,108,50]', '[]', 11876, 3795, 0, '2026-01-15 09:48:12', 73, NULL, NULL, 1601, NULL, 22040, 263, 8),
(927, 8339878490, 56, 1, 'dire', 1, 3, 5, 682, 832, '[147,143,63,569,145,139]', '[]', 10565, 4686, 0, '2026-01-15 09:48:12', NULL, NULL, NULL, 1603, NULL, 21785, 560, 11),
(928, 8339878490, 57, 105, 'dire', 1, 7, 1, 245, 282, '[254,214,36,232]', '[]', 23811, 297, 0, '2026-01-15 09:48:12', NULL, NULL, NULL, 675, NULL, 6675, 94, 3),
(929, 8339878490, 58, 2, 'dire', 1, 7, 1, 396, 474, '[1,50,116,127,31,36]', '[]', 14617, 355, 0, '2026-01-15 09:48:12', NULL, 188, NULL, 1603, NULL, 12260, 257, 4),
(930, 8339878490, 59, 83, 'dire', 4, 7, 2, 221, 300, '[4204,229,36,29,42]', '[]', 9150, 0, 3647, '2026-01-15 09:48:12', NULL, NULL, NULL, 1640, NULL, 6137, 49, 2),
(931, 8339878490, 60, 98, 'dire', 2, 8, 3, 409, 446, '[41,119,1,21,36,180]', '[]', 17197, 0, 0, '2026-01-15 09:48:12', 4204, NULL, NULL, 1599, NULL, 12643, 272, 3),
(932, 8339803075, 56, 44, 'radiant', 12, 4, 10, 754, 1262, '[225,208,63,123,145,116]', '[]', 43260, 4459, 0, '2026-01-15 09:48:15', NULL, NULL, NULL, 1643, NULL, 31484, 465, 4),
(933, 8339803075, 57, 36, 'radiant', 11, 6, 14, 603, 934, '[116,73,119,48,137]', '[]', 41389, 2467, 7553, '2026-01-15 09:48:15', NULL, NULL, NULL, 1642, NULL, 22903, 303, 4),
(934, 8339803075, 59, 68, 'radiant', 2, 14, 15, 268, 357, '[188,43,37,29,254,34]', '[]', 6801, 0, 0, '2026-01-15 09:48:15', NULL, NULL, NULL, 1642, NULL, 9934, 27, 0),
(935, 8339803075, 58, 42, 'radiant', 6, 5, 16, 539, 809, '[1,50,127,112,67,108]', '[]', 21196, 4232, 0, '2026-01-15 09:48:15', NULL, NULL, NULL, 1642, NULL, 21935, 289, 8),
(936, 8339803075, 60, 138, 'radiant', 4, 6, 16, 381, 543, '[36,1466,102,218,108,63]', '[]', 19095, 810, 0, '2026-01-15 09:48:15', NULL, NULL, NULL, 1601, NULL, 15020, 135, 10),
(937, 8339803075, 54, 63, 'dire', 3, 5, 20, 407, 863, '[267,36,7,40,236,225]', '[]', 22582, 1602, 316, '2026-01-15 09:48:15', 485, NULL, 134, 1643, NULL, 15847, 180, 2),
(938, 8339803075, 51, 5, 'dire', 5, 8, 14, 277, 578, '[77,218,232,214,254]', '[]', 17865, 172, 0, '2026-01-15 09:48:15', 188, NULL, NULL, 1642, NULL, 10261, 48, 2),
(939, 8339803075, 52, 67, 'dire', 14, 8, 7, 597, 788, '[250,208,63,147]', '[]', 45001, 49, 0, '2026-01-15 09:48:15', NULL, NULL, NULL, 1643, NULL, 21276, 333, 10),
(940, 8339803075, 53, 57, 'dire', 10, 8, 9, 470, 563, '[40,939,208,50,116]', '[]', 22832, 2179, 600, '2026-01-15 09:48:15', NULL, NULL, NULL, 1641, NULL, 17693, 255, 6),
(941, 8339803075, 55, 7, 'dire', 3, 7, 13, 450, 565, '[1,116,108,73,50]', '[]', 26022, 678, 0, '2026-01-15 09:48:15', NULL, NULL, NULL, 1642, NULL, 15877, 320, 8),
(942, 8339721762, 52, 12, 'radiant', 16, 4, 11, 705, 908, '[1097,160,143,156,63,147]', '[]', 46687, 14331, 0, '2026-01-15 09:48:18', NULL, NULL, NULL, 1643, NULL, 36364, 539, 10),
(943, 8339721762, 51, 20, 'radiant', 1, 10, 13, 316, 527, '[214,232,4206,108,254,218]', '[]', 15801, 391, 0, '2026-01-15 09:48:18', NULL, 188, 73, 1638, NULL, 15264, 36, 1),
(944, 8339721762, 53, 17, 'radiant', 12, 8, 14, 692, 1003, '[30,158,96,273,1806,116]', '[]', 50811, 5998, 0, '2026-01-15 09:48:18', 40, 63, NULL, 1605, NULL, 30755, 608, 6),
(945, 8339721762, 54, 79, 'radiant', 2, 8, 22, 324, 616, '[1,108,30,180,254,232]', '[]', 30884, 716, 2555, '2026-01-15 09:48:18', NULL, 40, NULL, 1607, NULL, 16752, 120, 5),
(946, 8339721762, 55, 49, 'radiant', 3, 5, 15, 505, 646, '[1,116,108,598,250,63]', '[]', 26713, 5307, 0, '2026-01-15 09:48:18', NULL, NULL, NULL, 1601, NULL, 23057, 499, 13),
(947, 8339721762, 57, 43, 'dire', 12, 4, 15, 528, 683, '[116,96,206,119,63,108]', '[]', 29344, 3026, 110, '2026-01-15 09:48:18', 41, NULL, NULL, 1608, NULL, 26228, 312, 12),
(948, 8339721762, 58, 52, 'dire', 2, 8, 15, 306, 413, '[1466,254,43,188,37,180]', '[]', 12033, 1607, 0, '2026-01-15 09:48:18', 36, 218, NULL, 1642, NULL, 12786, 121, 0),
(949, 8339721762, 56, 42, 'dire', 15, 4, 12, 831, 1152, '[600,143,50,135,137,158]', '[]', 63726, 3151, 0, '2026-01-15 09:48:18', NULL, NULL, NULL, 1643, NULL, 37460, 643, 10),
(950, 8339721762, 59, 64, 'dire', 2, 10, 16, 243, 414, '[231,254,43,34,37,188]', '[]', 13138, 338, 5055, '2026-01-15 09:48:18', NULL, NULL, NULL, 1607, NULL, 9661, 62, 2),
(951, 8339721762, 60, 14, 'dire', 4, 8, 17, 439, 574, '[119,116,1,108,214]', '[]', 24299, 25, 0, '2026-01-15 09:48:18', NULL, NULL, NULL, 1642, NULL, 19976, 237, 10),
(952, 8337261033, 61, 78, 'radiant', 4, 5, 10, 476, 525, '[116,36,9,137,256,48]', '[]', 19837, 1401, 0, '2026-01-15 09:48:21', 4204, NULL, NULL, 1158, NULL, 16514, 278, 11),
(953, 8337261033, 62, 110, 'radiant', 4, 10, 9, 301, 397, '[92,100,65,214,61,188]', '[]', 14018, 589, 1083, '2026-01-15 09:48:21', NULL, NULL, NULL, 1638, NULL, 9589, 86, 0),
(954, 8337261033, 63, 19, 'radiant', 2, 3, 10, 421, 511, '[1,41,36,50,252,154]', '[]', 18367, 966, 0, '2026-01-15 09:48:21', NULL, NULL, NULL, 1605, NULL, 14251, 222, 8),
(955, 8337261033, 64, 145, 'radiant', 7, 7, 5, 512, 561, '[63,145,36,116,24,149]', '[]', 27395, 256, 0, '2026-01-15 09:48:21', NULL, NULL, NULL, 1602, NULL, 15506, 321, 6),
(956, 8337261033, 65, 27, 'radiant', 3, 6, 8, 317, 402, '[1,218,254,36,180,232]', '[]', 11044, 818, 0, '2026-01-15 09:48:21', 4204, NULL, NULL, 1602, NULL, 9178, 55, 5),
(957, 8337261033, 52, 126, 'dire', 6, 2, 16, 551, 794, '[154,108,534,116,63,36]', '[]', 22150, 2280, 0, '2026-01-15 09:48:21', 41, NULL, NULL, 1605, NULL, 20286, 236, 10),
(958, 8337261033, 51, 26, 'dire', 3, 7, 14, 308, 344, '[34,43,232,214,1,254]', '[]', 10192, 0, 0, '2026-01-15 09:48:21', 4205, NULL, NULL, 1604, NULL, 10039, 27, 0),
(959, 8337261033, 53, 70, 'dire', 14, 3, 9, 738, 1013, '[208,50,1,36,145,116]', '[]', 28251, 5072, 0, '2026-01-15 09:48:21', NULL, NULL, NULL, 1605, NULL, 27607, 362, 7),
(960, 8337261033, 54, 105, 'dire', 5, 6, 19, 388, 525, '[16,231,90,57]', '[]', 17399, 1179, 4890, '2026-01-15 09:48:21', NULL, NULL, NULL, 1158, NULL, 12558, 88, 1),
(961, 8337261033, 55, 42, 'dire', 3, 5, 16, 589, 734, '[1,116,65,137,73,50]', '[]', 16337, 6166, 0, '2026-01-15 09:48:21', 23, 21, 60, 1603, NULL, 20944, 276, 8),
(962, 8337240888, 56, 35, 'radiant', 6, 3, 14, 638, 757, '[263,116,1097,63,240,158]', '[]', 34829, 13812, 0, '2026-01-15 09:48:24', 75, NULL, NULL, 1643, NULL, 27526, 411, 30),
(963, 8337240888, 57, 13, 'radiant', 14, 1, 12, 675, 958, '[1,158,1806,123,63,108]', '[]', 40499, 8019, 0, '2026-01-15 09:48:24', NULL, 41, NULL, 1643, NULL, 29729, 378, 5),
(964, 8337240888, 60, 23, 'radiant', 3, 6, 18, 450, 645, '[1466,90,50,108]', '[]', 20268, 1860, 0, '2026-01-15 09:48:24', NULL, NULL, NULL, 1608, NULL, 18840, 212, 7),
(965, 8337240888, 59, 25, 'radiant', 3, 4, 17, 331, 563, '[206,231,188,36,31,102]', '[]', 15111, 1844, 4557, '2026-01-15 09:48:24', NULL, NULL, NULL, 1607, NULL, 15220, 78, 2),
(966, 8337240888, 58, 96, 'radiant', 5, 5, 14, 313, 458, '[36,1,73,40,108,73]', '[]', 13184, 1307, 0, '2026-01-15 09:48:24', NULL, NULL, NULL, 1642, NULL, 10970, 59, 2),
(967, 8337240888, 66, 68, 'dire', 2, 5, 10, 321, 422, '[1466,36,102,180]', '[]', 12864, 0, 0, '2026-01-15 09:48:24', NULL, NULL, NULL, 1638, NULL, 11489, 125, 4),
(968, 8337240888, 67, 114, 'dire', 11, 4, 6, 508, 641, '[152,116,939,50,208,569]', '[]', 29841, 223, 0, '2026-01-15 09:48:24', NULL, 4205, 4204, 1643, NULL, 21962, 293, 11),
(969, 8337240888, 68, 85, 'dire', 1, 9, 12, 350, 447, '[127,939,178,50,190,9]', '[]', 17388, 512, 26, '2026-01-15 09:48:24', 36, NULL, NULL, 1603, NULL, 14639, 185, 7),
(970, 8337240888, 69, 34, 'dire', 4, 4, 6, 592, 777, '[1,96,104,176,259,108]', '[]', 29882, 69, 0, '2026-01-15 09:48:24', NULL, 41, NULL, 1602, NULL, 24665, 433, 12),
(971, 8337240888, 70, 111, 'dire', 1, 10, 12, 218, 434, '[254,232,218,244,180,36]', '[]', 7487, 60, 19388, '2026-01-15 09:48:24', NULL, NULL, 188, 1602, NULL, 7392, 37, 3),
(972, 8337199944, 52, 49, 'radiant', 9, 3, 17, 680, 793, '[1,158,65,112,63,108]', '[]', 32963, 14273, 0, '2026-01-15 09:48:27', NULL, 4204, NULL, 1603, NULL, 22119, 267, 10),
(973, 8337199944, 55, 23, 'radiant', 3, 2, 24, 536, 691, '[119,242,73,108,50]', '[]', 20751, 2063, 0, '2026-01-15 09:48:27', NULL, NULL, 38, 1640, NULL, 18223, 203, 8),
(974, 8337199944, 54, 26, 'radiant', 6, 6, 21, 321, 553, '[1,36,214,232,37,218]', '[]', 16089, 560, 0, '2026-01-15 09:48:27', 40, NULL, NULL, 1638, NULL, 10850, 20, 3),
(975, 8337199944, 53, 42, 'radiant', 17, 1, 15, 784, 986, '[98,208,1,50,108,137]', '[]', 46620, 11653, 0, '2026-01-15 09:48:27', NULL, NULL, NULL, 1605, NULL, 27037, 323, 9),
(976, 8337199944, 51, 25, 'radiant', 3, 5, 25, 377, 576, '[42,180,73,100,176]', '[]', 17797, 878, 400, '2026-01-15 09:48:27', NULL, NULL, NULL, 1638, NULL, 12114, 71, 3),
(977, 8337199944, 63, 77, 'dire', 5, 6, 8, 497, 647, '[252,11,34,116,225,65]', '[]', 13740, 394, 0, '2026-01-15 09:48:27', NULL, NULL, NULL, 1602, NULL, 16230, 224, 11),
(978, 8337199944, 62, 79, 'dire', 4, 8, 7, 251, 374, '[254,214,34,232]', '[]', 22175, 0, 0, '2026-01-15 09:48:27', NULL, NULL, NULL, 1602, NULL, 6938, 69, 1),
(979, 8337199944, 61, 97, 'dire', 3, 11, 7, 379, 387, '[1,939,36,73,21,63]', '[]', 13233, 520, 0, '2026-01-15 09:48:27', NULL, NULL, NULL, 1603, NULL, 11461, 200, 7),
(980, 8337199944, 65, 64, 'dire', 1, 7, 11, 297, 333, '[254,218,100,180,36]', '[]', 16150, 848, 0, '2026-01-15 09:48:27', NULL, NULL, NULL, 675, NULL, 9752, 123, 1),
(981, 8337199944, 64, 18, 'dire', 4, 7, 5, 568, 780, '[63,172,4204,141,252,108]', '[]', 24288, 405, 0, '2026-01-15 09:48:27', NULL, NULL, NULL, 1603, NULL, 15526, 366, 6),
(982, 8337157874, 66, 17, 'radiant', 0, 8, 1, 289, 429, '[38,42,273,36,100,63]', '[]', 7042, 158, 0, '2026-01-15 09:48:36', NULL, NULL, NULL, 1604, NULL, 9612, 180, 2),
(983, 8337157874, 67, 60, 'radiant', 9, 3, 2, 495, 695, '[1,137,116,50,40,112]', '[]', 18113, 71, 0, '2026-01-15 09:48:36', NULL, NULL, NULL, 1643, NULL, 18656, 310, 11),
(984, 8337157874, 70, 112, 'radiant', 0, 6, 9, 230, 370, '[218,100,9,188,180,36]', '[]', 13064, 45, 15006, '2026-01-15 09:48:36', NULL, NULL, NULL, 1607, NULL, 6905, 87, 4),
(985, 8337157874, 68, 84, 'radiant', 0, 6, 5, 417, 525, '[242,65,226,9,63,190]', '[]', 12474, 687, 0, '2026-01-15 09:48:36', 73, 36, NULL, 1642, NULL, 16382, 234, 6),
(986, 8337157874, 69, 36, 'radiant', 5, 5, 6, 570, 658, '[36,226,73,48,108,137]', '[]', 26767, 221, 4232, '2026-01-15 09:48:36', NULL, NULL, NULL, 1608, NULL, 18747, 444, 22),
(987, 8337157874, 56, 42, 'dire', 13, 1, 8, 782, 969, '[1,250,50,108,137,225]', '[]', 40161, 13929, 0, '2026-01-15 09:48:36', NULL, NULL, NULL, 1643, NULL, 30972, 423, 31),
(988, 8337157874, 59, 128, 'dire', 4, 5, 11, 281, 425, '[231,254,36,218]', '[]', 15689, 734, 2085, '2026-01-15 09:48:36', NULL, NULL, NULL, 1608, NULL, 11486, 42, 1),
(989, 8337157874, 57, 28, 'dire', 7, 2, 12, 536, 752, '[1,63,73,116,65,108]', '[]', 15584, 4415, 0, '2026-01-15 09:48:36', 36, NULL, NULL, 1643, NULL, 21472, 215, 17),
(990, 8337157874, 58, 75, 'dire', 1, 4, 12, 288, 291, '[254,102,58,36,214]', '[]', 6852, 873, 0, '2026-01-15 09:48:36', NULL, NULL, NULL, 1607, NULL, 10197, 22, 1),
(991, 8337157874, 60, 106, 'dire', 3, 2, 14, 570, 841, '[36,116,41,108,598,48]', '[]', 26883, 3474, 836, '2026-01-15 09:48:36', NULL, NULL, NULL, 1604, NULL, 22978, 311, 5),
(992, 8337154327, 62, 5, 'radiant', 6, 1, 19, 338, 495, '[188,102,185,37,36,214]', '[]', 10353, 813, 0, '2026-01-15 09:48:39', NULL, NULL, NULL, 1604, NULL, 7877, 29, 2),
(993, 8337154327, 61, 18, 'radiant', 8, 2, 5, 613, 713, '[939,36,21,73,141,63]', '[]', 15931, 4157, 0, '2026-01-15 09:48:39', NULL, NULL, NULL, 1638, NULL, 14784, 195, 16),
(994, 8337154327, 63, 20, 'radiant', 5, 1, 13, 477, 598, '[63,108,36,41,11,170]', '[]', 12456, 2245, 0, '2026-01-15 09:48:39', NULL, NULL, NULL, 828, NULL, 11136, 122, 14),
(995, 8337154327, 65, 71, 'radiant', 1, 4, 19, 311, 528, '[50,218,100,36,73]', '[]', 8690, 0, 400, '2026-01-15 09:48:39', NULL, NULL, NULL, 1599, NULL, 8225, 30, 3),
(996, 8337154327, 64, 95, 'radiant', 12, 0, 8, 717, 700, '[50,116,36,154,145,117]', '[]', 15078, 6011, 0, '2026-01-15 09:48:39', 75, NULL, NULL, 1638, NULL, 17966, 230, 25),
(997, 8337154327, 71, 2, 'dire', 0, 9, 3, 297, 342, '[1,50,125,11,36,3]', '[]', 4451, 46, 0, '2026-01-15 09:48:39', NULL, NULL, NULL, 71, NULL, 7107, 126, 0),
(998, 8337154327, 52, 93, 'dire', 1, 3, 3, 409, 565, '[174,108,11,63,36]', '[]', 5810, 0, 0, '2026-01-15 09:48:39', NULL, NULL, NULL, 828, NULL, 9697, 159, 15),
(999, 8337154327, 55, 40, 'dire', 1, 11, 2, 235, 328, '[36,42,214,100]', '[]', 6888, 0, 0, '2026-01-15 09:48:39', NULL, NULL, NULL, 1637, NULL, 5228, 64, 2),
(1000, 8337154327, 53, 43, 'dire', 3, 6, 3, 449, 577, '[50,100,206,41,77,37]', '[]', 15216, 1023, 0, '2026-01-15 09:48:39', NULL, NULL, NULL, 1638, NULL, 10191, 152, 2),
(1001, 8337154327, 51, 79, 'dire', 2, 6, 3, 185, 261, '[218,188,180,593,23,36]', '[]', 8643, 18, 0, '2026-01-15 09:48:39', NULL, NULL, NULL, 1638, NULL, 3804, 18, 2),
(1002, 8333016991, 63, 19, 'radiant', 13, 2, 18, 675, 729, '[939,154,149,116,152,63]', '[]', 29611, 12427, 0, '2026-01-15 09:48:42', NULL, NULL, NULL, 1605, NULL, 23344, 274, 17),
(1003, 8333016991, 72, 108, 'radiant', 6, 7, 31, 478, 547, '[36,206,231,108,73]', '[]', 23397, 3811, 9294, '2026-01-15 09:48:42', 1565, NULL, NULL, 1640, NULL, 17381, 134, 12),
(1004, 8333016991, 64, 47, 'radiant', 15, 3, 24, 623, 736, '[41,1,116,263,48,154]', '[]', 35323, 6956, 0, '2026-01-15 09:48:42', NULL, NULL, NULL, 1603, NULL, 21414, 185, 8),
(1005, 8333016991, 61, 86, 'radiant', 12, 5, 30, 468, 559, '[1,108,180,37,232]', '[]', 25195, 1233, 0, '2026-01-15 09:48:42', NULL, NULL, NULL, 1158, NULL, 15379, 79, 1),
(1006, 8333016991, 65, 58, 'radiant', 4, 2, 34, 361, 555, '[229,218,36,931,69,30]', '[]', 8202, 784, 8221, '2026-01-15 09:48:42', NULL, NULL, NULL, 1640, NULL, 11302, 28, 2),
(1007, 8333016991, 73, 20, 'dire', 2, 16, 16, 315, 363, '[232,29,108,218]', '[]', 15929, 0, 0, '2026-01-15 09:48:42', NULL, NULL, NULL, 359, NULL, 9356, 27, 1),
(1008, 8333016991, 74, 5, 'dire', 2, 14, 12, 276, 326, '[254,185,214,36,188]', '[]', 13735, 0, 0, '2026-01-15 09:48:42', NULL, NULL, NULL, 1604, NULL, 7297, 29, 2),
(1009, 8333016991, 75, 35, 'dire', 5, 6, 9, 537, 546, '[63,263,158,75,75,51]', '[]', 42134, 40, 0, '2026-01-15 09:48:42', NULL, 16, NULL, 1599, NULL, 16472, 293, 14),
(1010, 8333016991, 76, 29, 'dire', 7, 8, 9, 463, 597, '[73,939,141,81,50]', '[]', 23731, 0, 3077, '2026-01-15 09:48:42', 178, NULL, NULL, 1605, NULL, 15103, 224, 2),
(1011, 8333016991, 77, 28, 'dire', 2, 7, 8, 286, 391, '[63,36,1,116,73,73]', '[]', 11336, 0, 0, '2026-01-15 09:48:42', 40, NULL, NULL, 1638, NULL, 9794, 99, 4),
(1012, 8332962777, 75, 1, 'radiant', 2, 9, 3, 424, 529, '[63,145,147,75]', '[]', 4686, 0, 0, '2026-01-15 09:48:45', NULL, NULL, NULL, 359, NULL, 12052, 190, 20),
(1013, 8332962777, 73, 27, 'radiant', 6, 11, 6, 357, 283, '[188,1,180,34,254,40]', '[]', 15673, 0, 0, '2026-01-15 09:48:45', 4204, NULL, 43, 359, NULL, 9201, 58, 4),
(1014, 8332962777, 76, 67, 'radiant', 0, 11, 9, 319, 346, '[170,98,73,36,39,63]', '[]', 11217, 0, 0, '2026-01-15 09:48:45', NULL, NULL, NULL, 565, NULL, 8419, 113, 7),
(1015, 8332962777, 74, 43, 'radiant', 1, 12, 7, 205, 258, '[206,42,29,36]', '[]', 11353, 0, 0, '2026-01-15 09:48:45', NULL, NULL, NULL, 71, NULL, 4319, 21, 1),
(1016, 8332962777, 77, 129, 'radiant', 3, 12, 9, 309, 304, '[50,223,1,43,73,36]', '[]', 10782, 0, 0, '2026-01-15 09:48:45', 11, NULL, NULL, 359, NULL, 8044, 71, 7),
(1017, 8332962777, 65, 64, 'dire', 6, 3, 29, 398, 673, '[100,218,34,180,108,188]', '[]', 17450, 4914, 0, '2026-01-15 09:48:45', NULL, NULL, NULL, 1599, NULL, 10271, 45, 3),
(1018, 8332962777, 64, 41, 'dire', 8, 2, 23, 633, 693, '[63,158,116,149,154]', '[]', 15731, 6590, 0, '2026-01-15 09:48:45', NULL, NULL, NULL, 1638, NULL, 18602, 226, 8),
(1019, 8332962777, 72, 69, 'dire', 6, 4, 28, 613, 658, '[65,119,50,1,36,116]', '[]', 18765, 2259, 0, '2026-01-15 09:48:45', 244, NULL, NULL, 1637, NULL, 18040, 136, 8),
(1020, 8332962777, 61, 71, 'dire', 14, 4, 17, 457, 687, '[152,16,116,81,16,50]', '[]', 18081, 2424, 303, '2026-01-15 09:48:45', NULL, NULL, NULL, 71, NULL, 14480, 64, 2),
(1021, 8332962777, 63, 126, 'dire', 21, 1, 18, 707, 892, '[534,63,149,147,108,41]', '[]', 34257, 3980, 110, '2026-01-15 09:48:45', NULL, NULL, NULL, 840, NULL, 20904, 162, 9),
(1022, 8332867226, 66, 50, 'radiant', 3, 2, 27, 327, 487, '[218,232,36,102,180]', '[]', 11149, 2135, 10671, '2026-01-15 09:48:48', 44, NULL, 188, 1604, 1, 9727, 31, 2),
(1023, 8332867226, 69, 106, 'radiant', 13, 1, 16, 634, 809, '[36,190,598,50,100,108]', '[]', 40288, 3920, 0, '2026-01-15 09:48:48', 240, NULL, 41, 1599, 2, 19617, 213, 14),
(1024, 8332867226, 70, 30, 'radiant', 7, 6, 20, 375, 457, '[102,108,214,188,77,36]', '[]', 17129, 2018, 7436, '2026-01-15 09:48:48', 43, NULL, NULL, 840, 3, 11293, 25, 2),
(1025, 8332867226, 68, 29, 'radiant', 5, 3, 24, 504, 585, '[90,36,50,1,81,73]', '[]', 16087, 3426, 4571, '2026-01-15 09:48:48', NULL, NULL, NULL, 71, 3, 16326, 169, 4),
(1026, 8332867226, 67, 42, 'radiant', 14, 1, 14, 706, 622, '[1,117,939,50,143,137]', '[]', 26885, 11966, 0, '2026-01-15 09:48:48', 1575, 4204, 36, 1599, 1, 22687, 261, 19),
(1027, 8332867226, 78, 137, 'dire', 0, 8, 5, 319, 375, '[50,36,116,127,244,178]', '[]', 15081, 68, 0, '2026-01-15 09:48:48', 4204, NULL, NULL, 1158, 1, 9850, 189, 9),
(1028, 8332867226, 79, 39, 'dire', 2, 6, 4, 363, 396, '[63,41,104,36,259,60]', '[]', 21738, 0, 0, '2026-01-15 09:48:48', 188, 23, NULL, 1158, 2, 10714, 185, 18),
(1029, 8332867226, 80, 100, 'dire', 1, 12, 9, 184, 231, '[229,214,36,73,11]', '[]', 7707, 112, 0, '2026-01-15 09:48:48', NULL, NULL, NULL, 1158, 3, 5117, 27, 4),
(1030, 8332867226, 81, 6, 'dire', 9, 8, 3, 494, 487, '[147,1575,152,263,36,63]', '[]', 21120, 2073, 0, '2026-01-15 09:48:48', 248, NULL, NULL, 1605, 3, 15292, 243, 20),
(1031, 8332867226, 82, 123, 'dire', 1, 8, 5, 171, 223, '[218,36,180,188,206]', '[]', 10254, 0, 0, '2026-01-15 09:48:48', NULL, NULL, NULL, 675, 1, 5000, 25, 0),
(1032, 8331770997, 76, 21, 'radiant', 10, 3, 3, 387, 471, '[108,158,123,73,48,67]', '[]', 29530, 1985, 0, '2026-01-15 09:48:51', 4206, 4206, 4206, 1641, NULL, 21271, 209, 5),
(1033, 8331770997, 74, 33, 'radiant', 1, 15, 17, 220, 441, '[1,36,42,931,40]', '[]', 24862, 294, 0, '2026-01-15 09:48:51', NULL, NULL, NULL, 1608, NULL, 7797, 43, 1),
(1034, 8331770997, 73, 34, 'radiant', 0, 5, 16, 461, 627, '[42,1,180,254,226,37]', '[]', 20033, 0, 11333, '2026-01-15 09:48:51', NULL, NULL, 4206, 1607, NULL, 20814, 325, 10),
(1035, 8331770997, 75, 8, 'radiant', 10, 8, 3, 651, 885, '[50,603,158,4204,139,154]', '[]', 38651, 2330, 9063, '2026-01-15 09:48:51', NULL, NULL, NULL, 1605, NULL, 30842, 527, 34),
(1036, 8331770997, 83, 23, 'radiant', 4, 5, 11, 509, 614, '[50,40,249,141,137,108]', '[]', 30744, 993, 0, '2026-01-15 09:48:51', NULL, NULL, NULL, 1643, NULL, 23559, 418, 2),
(1037, 8331770997, 70, 119, 'dire', 6, 7, 21, 348, 510, '[96,40,100,43,180,206]', '[]', 14429, 20, 0, '2026-01-15 09:48:51', NULL, NULL, NULL, 1607, NULL, 16390, 74, 3),
(1038, 8331770997, 67, 11, 'dire', 8, 3, 8, 627, 814, '[249,135,172,263,141,63]', '[]', 34793, 17213, 0, '2026-01-15 09:48:51', NULL, 596, 4204, 1605, NULL, 34433, 485, 27),
(1039, 8331770997, 69, 25, 'dire', 8, 2, 7, 780, 1020, '[249,37,116,135,158,141]', '[]', 33640, 17564, 0, '2026-01-15 09:48:51', NULL, 48, NULL, 1643, NULL, 40988, 684, 22),
(1040, 8331770997, 66, 85, 'dire', 3, 8, 19, 318, 581, '[176,90,40,36,229,180]', '[]', 10643, 377, 2332, '2026-01-15 09:48:51', NULL, NULL, NULL, 1608, NULL, 17365, 96, 3),
(1041, 8331770997, 68, 69, 'dire', 10, 5, 21, 711, 903, '[116,119,220,1,235,110]', '[]', 28636, 762, 0, '2026-01-15 09:48:51', NULL, NULL, 40, 1643, NULL, 35768, 335, 5),
(1042, 8331857989, 66, 37, 'radiant', 4, 3, 36, 401, 587, '[218,65,1440,36,108,180]', '[]', 17009, 681, 5387, '2026-01-15 09:48:54', 38, NULL, NULL, 675, NULL, 11414, 79, 1),
(1043, 8331857989, 67, 4, 'radiant', 25, 1, 13, 713, 765, '[36,137,154,50,208,77]', '[]', 33797, 6449, 0, '2026-01-15 09:48:54', NULL, NULL, NULL, 1603, NULL, 22867, 240, 17),
(1044, 8331857989, 84, 53, 'radiant', 4, 6, 24, 435, 579, '[267,108,63,36,263]', '[]', 13746, 2788, 3446, '2026-01-15 09:48:54', NULL, NULL, NULL, 1603, NULL, 13554, 131, 7),
(1045, 8331857989, 68, 137, 'radiant', 7, 4, 21, 465, 530, '[178,127,50,1,40,108]', '[]', 17979, 3422, 0, '2026-01-15 09:48:54', 244, 188, 36, 1602, NULL, 14277, 159, 8),
(1046, 8331857989, 69, 17, 'radiant', 9, 4, 23, 517, 750, '[100,36,534,63,178,273]', '[]', 31461, 1845, 106, '2026-01-15 09:48:54', NULL, 41, NULL, 1599, NULL, 15107, 168, 12),
(1047, 8331857989, 76, 16, 'dire', 3, 12, 11, 428, 414, '[11,1,73,36,108,50]', '[]', 24152, 27, 0, '2026-01-15 09:48:54', NULL, NULL, NULL, 359, NULL, 11355, 138, 4),
(1048, 8331857989, 74, 112, 'dire', 2, 11, 7, 270, 387, '[254,218,180,36]', '[]', 9872, 36, 4498, '2026-01-15 09:48:54', NULL, NULL, NULL, 71, NULL, 6698, 22, 4),
(1049, 8331857989, 75, 99, 'dire', 3, 5, 8, 397, 518, '[29,154,36,125,9,73]', '[]', 9921, 0, 0, '2026-01-15 09:48:54', 25, NULL, NULL, 1604, NULL, 11319, 131, 3),
(1050, 8331857989, 73, 52, 'dire', 1, 17, 6, 224, 318, '[244,1,180,36,31,11]', '[]', 15384, 0, 0, '2026-01-15 09:48:54', 188, NULL, NULL, 359, NULL, 7060, 39, 3),
(1051, 8331857989, 83, 70, 'dire', 9, 4, 4, 584, 848, '[50,98,116,1,36,145]', '[]', 20540, 0, 0, '2026-01-15 09:48:54', NULL, NULL, NULL, 828, NULL, 16528, 231, 10),
(1052, 8331688974, 63, 52, 'radiant', 9, 2, 16, 544, 624, '[1,180,41,100,119,123]', '[]', 35839, 4126, 0, '2026-01-15 09:48:57', NULL, NULL, NULL, 1158, NULL, 21380, 234, 9),
(1053, 8331688974, 61, 57, 'radiant', 7, 1, 16, 553, 656, '[939,4204,154,123,73,50]', '[]', 26479, 12962, 3424, '2026-01-15 09:48:57', NULL, NULL, NULL, 1603, NULL, 21337, 227, 16),
(1054, 8331688974, 65, 50, 'radiant', 0, 2, 16, 362, 530, '[254,226,36,180,188]', '[]', 5522, 391, 17840, '2026-01-15 09:48:57', NULL, NULL, NULL, 1602, NULL, 12643, 68, 7),
(1055, 8331688974, 85, 40, 'radiant', 8, 3, 23, 523, 549, '[267,231,96,102,1,36]', '[]', 33293, 3781, 6993, '2026-01-15 09:48:57', 244, 218, NULL, 675, NULL, 22244, 221, 3),
(1056, 8331688974, 64, 70, 'radiant', 9, 4, 14, 589, 581, '[50,1,208,250,174]', '[]', 31929, 8750, 0, '2026-01-15 09:48:57', 26, NULL, NULL, 1603, NULL, 22814, 248, 8),
(1057, 8331688974, 66, 79, 'dire', 2, 8, 8, 210, 264, '[59,244,36,102,180]', '[]', 17079, 0, 0, '2026-01-15 09:48:57', 188, NULL, NULL, 1604, NULL, 6639, 50, 2),
(1058, 8331688974, 67, 67, 'dire', 2, 4, 3, 417, 473, '[98,36,147,63,54,92]', '[]', 16799, 0, 0, '2026-01-15 09:48:57', 40, NULL, NULL, 71, NULL, 14789, 250, 6),
(1059, 8331688974, 69, 21, 'dire', 2, 3, 5, 403, 533, '[166,225,73,63,40,108]', '[]', 24288, 300, 0, '2026-01-15 09:48:57', 77, 43, NULL, 1605, NULL, 14583, 235, 25),
(1060, 8331688974, 70, 85, 'dire', 4, 15, 5, 360, 370, '[939,40,50,108,73,36]', '[]', 15608, 317, 571, '2026-01-15 09:48:57', NULL, NULL, 4204, 1602, NULL, 12181, 195, 4),
(1061, 8331688974, 68, 102, 'dire', 2, 3, 5, 190, 260, '[40,180,254,36,244,23]', '[]', 9124, 0, 10060, '2026-01-15 09:48:57', 188, NULL, NULL, 1605, NULL, 6099, 41, 1),
(1062, 8331601852, 71, 7, 'radiant', 3, 9, 28, 424, 619, '[1,610,116,33,110,180]', '[]', 16611, 1492, 0, '2026-01-15 09:49:01', 188, 4206, NULL, 326, NULL, 28407, 272, 2),
(1063, 8331601852, 54, 3, 'radiant', 0, 11, 19, 318, 516, '[1,232,43,29,108]', '[]', 16988, 241, 0, '2026-01-15 09:49:01', NULL, 188, 40, 370, NULL, 17804, 65, 4),
(1064, 8331601852, 53, 9, 'radiant', 19, 6, 14, 692, 892, '[135,263,1097,156]', '[]', 47372, 16201, 0, '2026-01-15 09:49:01', 116, NULL, NULL, 292, NULL, 36141, 575, 16),
(1065, 8331601852, 52, 74, 'radiant', 14, 4, 18, 688, 913, '[96,235,123,116,220,110]', '[]', 62134, 4533, 0, '2026-01-15 09:49:01', NULL, NULL, NULL, 1645, NULL, 40833, 525, 14),
(1066, 8331601852, 55, 137, 'radiant', 4, 9, 18, 439, 644, '[1,116,4206,123,119,50]', '[]', 21378, 3062, 0, '2026-01-15 09:49:01', 4206, NULL, 4206, 371, NULL, 28273, 299, 13),
(1067, 8331601852, 86, 26, 'dire', 8, 7, 24, 346, 676, '[1,226,102,43,29,254]', '[]', 21573, 93, 0, '2026-01-15 09:49:01', NULL, NULL, NULL, 1607, NULL, 17686, 114, 12),
(1068, 8331601852, 87, 108, 'dire', 3, 7, 27, 568, 784, '[116,96,1466,90,231,108]', '[]', 46356, 555, 5024, '2026-01-15 09:49:01', 41, NULL, 40, 1642, NULL, 32407, 581, 4),
(1069, 8331601852, 88, 71, 'dire', 14, 10, 19, 460, 758, '[152,610,50,116,154]', '[]', 30485, 0, 0, '2026-01-15 09:49:01', 4206, 40, 95, 1641, NULL, 26806, 184, 7),
(1070, 8331601852, 89, 21, 'dire', 4, 8, 22, 338, 683, '[166,226,256,50,133,133]', '[]', 19418, 0, 0, '2026-01-15 09:49:01', NULL, 232, NULL, 1643, NULL, 30295, 152, 0),
(1071, 8331601852, 90, 94, 'dire', 9, 8, 16, 857, 829, '[147,116,256,139,160,141]', '[]', 54946, 7867, 0, '2026-01-15 09:49:01', NULL, NULL, NULL, 326, NULL, 42336, 1084, 15),
(1072, 8331575362, 66, 42, 'radiant', 4, 11, 23, 536, 890, '[1,127,110,112,939,50]', '[]', 36955, 8727, 0, '2026-01-15 09:49:03', 4205, NULL, NULL, 1643, NULL, 30777, 471, 13),
(1073, 8331575362, 67, 67, 'radiant', 7, 9, 24, 641, 919, '[208,108,147,63,114,137]', '[]', 63623, 5059, 0, '2026-01-15 09:49:03', NULL, 4205, NULL, 377, NULL, 34032, 612, 11),
(1074, 8331575362, 70, 45, 'radiant', 5, 8, 23, 346, 651, '[102,254,176,214,40]', '[]', 27949, 3071, 7347, '2026-01-15 09:49:03', NULL, NULL, NULL, 1641, NULL, 17610, 160, 5),
(1075, 8331575362, 69, 126, 'radiant', 16, 4, 14, 700, 1063, '[225,267,1806,220,160,235]', '[]', 53425, 2368, 0, '2026-01-15 09:49:03', NULL, NULL, NULL, 371, NULL, 37561, 586, 14),
(1076, 8331575362, 68, 85, 'radiant', 9, 13, 26, 381, 621, '[229,242,116,1,180,40]', '[]', 19772, 1471, 1200, '2026-01-15 09:49:03', 188, NULL, 36, 1607, NULL, 21524, 186, 3),
(1077, 8331575362, 85, 2, 'dire', 15, 8, 20, 541, 750, '[127,50,1,116,110,114]', '[]', 56419, 1497, 0, '2026-01-15 09:49:03', 4205, NULL, NULL, 377, NULL, 29358, 445, 9),
(1078, 8331575362, 63, 136, 'dire', 8, 7, 24, 523, 939, '[208,108,24,225,116,50]', '[]', 52403, 6157, 1061, '2026-01-15 09:49:03', 56, 122, NULL, 327, NULL, 26396, 397, 17),
(1079, 8331575362, 72, 7, 'dire', 5, 9, 22, 398, 634, '[116,100,180,1,108]', '[]', 39308, 814, 0, '2026-01-15 09:49:03', NULL, NULL, 43, 1604, NULL, 21265, 296, 3),
(1080, 8331575362, 64, 35, 'dire', 14, 7, 23, 657, 752, '[156,263,249,139,123,141]', '[]', 52870, 11068, 0, '2026-01-15 09:49:03', NULL, NULL, NULL, 326, NULL, 31492, 594, 7),
(1081, 8331575362, 65, 25, 'dire', 3, 11, 29, 373, 525, '[610,218,176,36,180,1804]', '[]', 25513, 74, 0, '2026-01-15 09:49:03', 188, NULL, NULL, 371, NULL, 17856, 171, 8),
(1082, 8331547023, 86, 91, 'radiant', 2, 7, 17, 278, 439, '[34,254,218,37,188,79]', '[]', 4350, 72, 15104, '2026-01-15 09:49:06', NULL, NULL, NULL, 1637, NULL, 7873, 19, 3),
(1083, 8331547023, 87, 17, 'radiant', 6, 5, 9, 482, 536, '[36,63,178,4205,534,273]', '[]', 24004, 147, 0, '2026-01-15 09:49:06', 41, NULL, NULL, 1604, NULL, 13856, 193, 3),
(1084, 8331547023, 88, 47, 'radiant', 6, 5, 8, 452, 479, '[267,36,263,63,116,75]', '[]', 21950, 499, 240, '2026-01-15 09:49:06', NULL, NULL, NULL, 1604, NULL, 13632, 148, 9),
(1085, 8331547023, 89, 99, 'radiant', 3, 7, 8, 286, 389, '[36,242,94,180,31,73]', '[]', 6319, 142, 0, '2026-01-15 09:49:06', NULL, NULL, 43, 1124, NULL, 7785, 61, 0),
(1086, 8331547023, 90, 67, 'radiant', 3, 6, 15, 500, 560, '[98,170,36,137,63,1122]', '[]', 23243, 641, 125, '2026-01-15 09:49:06', NULL, NULL, NULL, 1602, NULL, 13678, 234, 8),
(1087, 8331547023, 71, 51, 'dire', 2, 4, 17, 307, 547, '[98,267,36,42,214,188]', '[]', 9433, 1093, 564, '2026-01-15 09:49:06', NULL, NULL, NULL, 1603, NULL, 10062, 32, 3),
(1088, 8331547023, 54, 33, 'dire', 5, 8, 21, 472, 499, '[1,79,42,931,31,65]', '[]', 23203, 3757, 2081, '2026-01-15 09:49:06', 188, NULL, NULL, 1637, NULL, 14473, 94, 7),
(1089, 8331547023, 52, 36, 'dire', 9, 4, 16, 642, 668, '[119,73,137,273,48,73]', '[]', 26852, 5841, 7667, '2026-01-15 09:49:06', NULL, NULL, 36, 1640, NULL, 18673, 265, 23),
(1090, 8331547023, 53, 94, 'dire', 11, 1, 12, 714, 810, '[108,160,158,135,77,77]', '[]', 45953, 15128, 0, '2026-01-15 09:49:06', NULL, NULL, NULL, 1603, NULL, 23561, 322, 16),
(1091, 8331547023, 55, 81, 'dire', 3, 3, 18, 445, 580, '[36,112,63,73,98,242]', '[]', 12439, 6378, 0, '2026-01-15 09:49:06', 4204, NULL, NULL, 1603, NULL, 14880, 121, 13),
(1092, 8330497506, 86, 31, 'radiant', 3, 6, 39, 396, 552, '[1,43,102,29,108,232]', '[]', 27831, 1407, 0, '2026-01-15 09:49:09', 188, NULL, NULL, 675, NULL, 16154, 97, 4),
(1093, 8330497506, 90, 32, 'radiant', 20, 2, 20, 741, 896, '[225,1097,135,63,141,108]', '[]', 44967, 5071, 0, '2026-01-15 09:49:09', NULL, NULL, NULL, 1607, NULL, 36170, 409, 10),
(1094, 8330497506, 88, 2, 'radiant', 12, 2, 25, 493, 635, '[1,226,127,119,116,50]', '[]', 30092, 2400, 0, '2026-01-15 09:49:09', NULL, NULL, NULL, 1608, NULL, 24966, 186, 7),
(1095, 8330497506, 89, 50, 'radiant', 1, 6, 26, 293, 582, '[102,256,36,180,77,40]', '[]', 4480, 634, 27867, '2026-01-15 09:49:09', NULL, NULL, NULL, 71, NULL, 13963, 43, 0),
(1096, 8330497506, 87, 46, 'radiant', 10, 1, 23, 699, 817, '[116,263,1,911,135,168]', '[]', 43570, 19716, 0, '2026-01-15 09:49:09', 607, 41, 63, 1607, NULL, 34431, 437, 7),
(1097, 8330497506, 56, 109, 'dire', 5, 5, 6, 623, 653, '[263,147,63,160,32,116]', '[]', 30308, 6268, 0, '2026-01-15 09:49:09', 36, 4204, 5, 1603, NULL, 26350, 534, 16),
(1098, 8330497506, 57, 60, 'dire', 3, 13, 5, 368, 432, '[1,50,252,37,116]', '[]', 13447, 68, 0, '2026-01-15 09:49:09', 4206, 73, NULL, 1608, NULL, 12732, 236, 19),
(1099, 8330497506, 91, 43, 'dire', 1, 13, 7, 322, 369, '[273,36,190,102,256,180]', '[]', 10796, 175, 0, '2026-01-15 09:49:09', 40, 244, NULL, 1604, NULL, 13819, 136, 3),
(1100, 8330497506, 60, 52, 'dire', 5, 8, 7, 407, 501, '[1466,100,1,41,9,180]', '[]', 26585, 257, 0, '2026-01-15 09:49:09', 40, 4204, NULL, 1642, NULL, 16372, 242, 15),
(1101, 8330497506, 58, 63, 'dire', 2, 8, 12, 246, 496, '[36,267,232,73,108]', '[]', 15393, 289, 864, '2026-01-15 09:49:09', NULL, NULL, NULL, 1607, NULL, 10401, 54, 3),
(1102, 8330436024, 56, 44, 'radiant', 16, 1, 7, 873, 1077, '[208,156,63,145,123,154]', '[]', 30378, 7284, 0, '2026-01-15 09:49:12', NULL, NULL, NULL, 1603, NULL, 31309, 436, 22),
(1103, 8330436024, 91, 68, 'radiant', 2, 4, 12, 274, 510, '[180,254,36,244,37,40]', '[]', 10592, 466, 0, '2026-01-15 09:49:12', 188, NULL, NULL, 1158, NULL, 8573, 37, 4),
(1104, 8330436024, 58, 101, 'radiant', 3, 3, 12, 275, 524, '[254,206,43,37,180,36]', '[]', 14717, 289, 0, '2026-01-15 09:49:12', 188, NULL, NULL, 1599, NULL, 9831, 36, 4),
(1105, 8330436024, 57, 114, 'radiant', 9, 3, 5, 521, 571, '[174,63,569,116,154,75]', '[]', 12037, 3598, 400, '2026-01-15 09:49:12', 34, NULL, NULL, 1603, NULL, 18181, 205, 24),
(1106, 8330436024, 60, 135, 'radiant', 3, 3, 16, 510, 627, '[1,939,50,36,178,108]', '[]', 19373, 2529, 3300, '2026-01-15 09:49:12', 4204, NULL, NULL, 1604, NULL, 18464, 276, 2),
(1107, 8330436024, 90, 77, 'dire', 6, 4, 7, 500, 572, '[635,931,40,11,73,81]', '[]', 14007, 2918, 257, '2026-01-15 09:49:12', 4204, NULL, NULL, 1603, NULL, 17023, 242, 10),
(1108, 8330436024, 87, 2, 'dire', 1, 6, 7, 352, 438, '[37,127,1,259,29,125]', '[]', 18909, 0, 0, '2026-01-15 09:49:12', 4206, NULL, NULL, 565, NULL, 12061, 200, 3),
(1109, 8330436024, 88, 69, 'dire', 5, 8, 3, 479, 454, '[1,116,50,65,36,137]', '[]', 9169, 218, 0, '2026-01-15 09:49:12', 73, NULL, NULL, 1602, NULL, 16380, 144, 9),
(1110, 8330436024, 89, 9, 'dire', 1, 9, 7, 215, 260, '[267,75,36,180,23,57]', '[]', 6148, 20, 320, '2026-01-15 09:49:12', 244, 43, NULL, 1603, NULL, 7558, 56, 1),
(1111, 8330436024, 86, 107, 'dire', 0, 6, 8, 262, 362, '[34,65,218,1123,29,116]', '[]', 6313, 140, 0, '2026-01-15 09:49:12', NULL, NULL, NULL, 1640, NULL, 7687, 55, 7),
(1112, 8330386933, 71, 47, 'radiant', 2, 4, 13, 318, 420, '[79,180,36,232,37]', '[]', 5731, 1135, 1975, '2026-01-15 09:49:15', NULL, NULL, NULL, 1602, NULL, 11133, 37, 2),
(1113, 8330386933, 52, 113, 'radiant', 2, 0, 10, 622, 699, '[158,77,250,20,48,65]', '[]', 18266, 5700, 0, '2026-01-15 09:49:15', NULL, NULL, NULL, 1638, NULL, 19658, 214, 20),
(1114, 8330386933, 55, 84, 'radiant', 1, 4, 10, 503, 449, '[36,4204,90,65,176,180]', '[]', 8811, 1178, 0, '2026-01-15 09:49:15', NULL, NULL, NULL, 1604, NULL, 15493, 139, 22),
(1115, 8330386933, 53, 10, 'radiant', 14, 0, 1, 822, 787, '[63,149,263,139,81,147]', '[]', 19616, 28750, 592, '2026-01-15 09:49:15', NULL, 4204, 4205, 1605, NULL, 25529, 337, 21),
(1116, 8330386933, 51, 31, 'radiant', 1, 2, 14, 270, 449, '[34,214,31,232,215]', '[]', 10494, 64, 0, '2026-01-15 09:49:15', NULL, NULL, NULL, 1158, NULL, 7820, 16, 3),
(1117, 8330386933, 92, 7, 'dire', 2, 4, 4, 241, 311, '[1,261,218,180,61]', '[]', 9638, 92, 0, '2026-01-15 09:49:15', NULL, NULL, NULL, 1604, NULL, 7387, 58, 4),
(1118, 8330386933, 93, 18, 'dire', 0, 3, 3, 546, 702, '[63,1,116,172,252,149]', '[]', 8920, 939, 0, '2026-01-15 09:49:15', 4204, NULL, NULL, 71, NULL, 16849, 350, 13),
(1119, 8330386933, 94, 104, 'dire', 0, 5, 4, 340, 347, '[127,73,50,1,21]', '[]', 5389, 541, 0, '2026-01-15 09:49:15', 11, NULL, NULL, 1638, NULL, 8947, 154, 2),
(1120, 8330386933, 95, 43, 'dire', 5, 4, 3, 441, 475, '[190,63,41,108,534,9]', '[]', 19209, 1782, 0, '2026-01-15 09:49:15', NULL, NULL, NULL, 1638, NULL, 12546, 169, 7),
(1121, 8330386933, 96, 131, 'dire', 3, 4, 5, 232, 256, '[206,36,42,180,265,38]', '[]', 8450, 0, 192, '2026-01-15 09:49:15', NULL, NULL, NULL, 1638, NULL, 6299, 20, 2),
(1122, 8330310704, 92, 20, 'radiant', 4, 10, 11, 279, 378, '[214,229,36,185,188,108]', '[]', 12022, 92, 0, '2026-01-15 09:49:18', NULL, 43, NULL, 1639, NULL, 12010, 34, 3),
(1123, 8330310704, 93, 138, 'radiant', 3, 6, 13, 580, 649, '[116,263,158,63,141,596]', '[]', 57578, 402, 0, '2026-01-15 09:49:18', 34, NULL, NULL, 1603, NULL, 23816, 486, 16),
(1124, 8330310704, 94, 108, 'radiant', 3, 4, 12, 426, 568, '[242,16,119,1466,180,73]', '[]', 23802, 185, 0, '2026-01-15 09:49:18', NULL, NULL, NULL, 1638, NULL, 19900, 262, 7),
(1125, 8330310704, 95, 45, 'radiant', 3, 9, 11, 364, 373, '[176,180,259,41,77]', '[]', 17013, 2358, 3350, '2026-01-15 09:49:18', NULL, NULL, NULL, 675, NULL, 12801, 188, 4),
(1126, 8330310704, 96, 13, 'radiant', 3, 8, 13, 323, 359, '[102,37,100,218,36,180]', '[]', 13018, 153, 0, '2026-01-15 09:49:18', NULL, 188, NULL, 675, NULL, 12485, 69, 0),
(1127, 8330310704, 55, 49, 'dire', 5, 3, 12, 623, 754, '[1,116,65,112,147,63]', '[]', 19948, 14522, 0, '2026-01-15 09:49:18', NULL, NULL, NULL, 1643, NULL, 30226, 357, 9),
(1128, 8330310704, 52, 60, 'dire', 12, 1, 15, 607, 881, '[600,30,939,116,50,225]', '[]', 25759, 10481, 0, '2026-01-15 09:49:18', NULL, NULL, 41, 1607, NULL, 29056, 293, 22),
(1129, 8330310704, 51, 100, 'dire', 1, 8, 17, 292, 396, '[1804,90,4206,214,127,185]', '[]', 10829, 538, 0, '2026-01-15 09:49:18', NULL, 218, 43, 1608, NULL, 12195, 18, 2),
(1130, 8330310704, 71, 50, 'dire', 2, 4, 22, 285, 461, '[254,102,180,33,90,188]', '[]', 6099, 456, 12287, '2026-01-15 09:49:18', NULL, 1804, 36, 1643, NULL, 15382, 52, 4),
(1131, 8330310704, 53, 18, 'dire', 17, 3, 10, 890, 1327, '[939,250,116,117,141,603]', '[]', 45214, 10375, 0, '2026-01-15 09:49:18', 63, NULL, NULL, 1643, NULL, 39844, 615, 20),
(1132, 8330305420, 61, 39, 'radiant', 7, 10, 16, 574, 664, '[127,116,108,123,273,63]', '[]', 56796, 1442, 106, '2026-01-15 09:49:21', NULL, NULL, NULL, 1608, 2, 25957, 455, 14),
(1133, 8330305420, 64, 28, 'radiant', 11, 8, 14, 622, 790, '[63,1,116,135,112]', '[]', 24311, 575, 0, '2026-01-15 09:49:21', NULL, NULL, NULL, 1608, 3, 26976, 416, 8),
(1134, 8330305420, 85, 119, 'radiant', 7, 6, 20, 339, 557, '[100,96,1,37,40,214]', '[]', 26450, 813, 0, '2026-01-15 09:49:21', NULL, 43, 1804, 1158, 3, 14501, 86, 6),
(1135, 8330305420, 63, 15, 'radiant', 7, 6, 23, 533, 810, '[116,156,48,119,147,127]', '[]', 51857, 1563, 0, '2026-01-15 09:49:21', 4206, NULL, NULL, 1608, 1, 25006, 388, 12),
(1136, 8330305420, 65, 89, 'radiant', 2, 3, 18, 315, 461, '[1,218,40,37,108,214]', '[]', 7371, 83, 0, '2026-01-15 09:49:21', NULL, 57, 1804, 1607, 1, 13642, 140, 6),
(1137, 8330305420, 78, 21, 'dire', 18, 2, 10, 641, 930, '[263,166,116,135,235,63]', '[]', 41362, 14897, 0, '2026-01-15 09:49:21', 4205, NULL, NULL, 1607, 2, 33824, 350, 21),
(1138, 8330305420, 80, 84, 'dire', 3, 10, 18, 419, 690, '[96,65,30,231,90]', '[]', 28264, 75, 6768, '2026-01-15 09:49:21', 11, 188, 36, 1158, 3, 19694, 113, 4),
(1139, 8330305420, 79, 102, 'dire', 4, 5, 18, 613, 783, '[50,1,208,147,112,137]', '[]', 42123, 3014, 510, '2026-01-15 09:49:21', NULL, NULL, NULL, 1643, 3, 32588, 434, 10),
(1140, 8330305420, 81, 63, 'dire', 4, 3, 17, 664, 879, '[116,141,63,263,123,158]', '[]', 41872, 13530, 0, '2026-01-15 09:49:21', NULL, NULL, 4204, 1607, 1, 35651, 527, 28),
(1141, 8330305420, 82, 88, 'dire', 2, 14, 17, 265, 482, '[29,188,104,34,226]', '[]', 18459, 213, 0, '2026-01-15 09:49:21', NULL, NULL, NULL, 1643, 1, 13268, 24, 1),
(1142, 8330235472, 78, 76, 'radiant', 7, 7, 9, 497, 691, '[263,534,96,152,108,63]', '[]', 33144, 1967, 0, '2026-01-15 09:49:25', NULL, NULL, 4204, 1602, 2, 22590, 322, 15),
(1143, 8330235472, 80, 5, 'radiant', 2, 11, 13, 304, 436, '[226,1804,42,102,36,214]', '[]', 12087, 97, 0, '2026-01-15 09:49:25', NULL, 11, NULL, 840, 1, 9963, 85, 1),
(1144, 8330235472, 79, 99, 'radiant', 5, 8, 12, 500, 742, '[63,127,116,154,53,210]', '[]', 28138, 0, 0, '2026-01-15 09:49:25', NULL, NULL, NULL, 1608, 3, 20504, 348, 14),
(1145, 8330235472, 81, 136, 'radiant', 3, 7, 11, 503, 722, '[50,108,145,1,116,143]', '[]', 17872, 783, 265, '2026-01-15 09:49:25', NULL, NULL, NULL, 1643, 1, 21561, 380, 13),
(1146, 8330235472, 82, 36, 'radiant', 5, 6, 13, 275, 426, '[188,36,40,90,180,102]', '[]', 11338, 329, 4413, '2026-01-15 09:49:25', NULL, NULL, NULL, 675, 3, 10347, 61, 1),
(1147, 8330235472, 61, 128, 'dire', 10, 4, 25, 482, 748, '[96,254,176,43,30,231]', '[]', 26959, 2743, 8197, '2026-01-15 09:49:25', 188, NULL, NULL, 1642, 3, 22521, 158, 1),
(1148, 8330235472, 63, 22, 'dire', 10, 3, 24, 595, 774, '[176,108,277,110,48,41]', '[]', 58291, 1018, 0, '2026-01-15 09:49:25', NULL, NULL, NULL, 1607, 2, 29667, 333, 7),
(1149, 8330235472, 85, 60, 'dire', 11, 4, 18, 551, 776, '[939,50,1,116,143,112]', '[]', 25958, 9914, 0, '2026-01-15 09:49:25', 4206, NULL, NULL, 1643, 1, 27702, 272, 10),
(1150, 8330235472, 64, 4, 'dire', 6, 3, 18, 704, 938, '[50,116,208,156,137,139]', '[]', 37191, 7016, 0, '2026-01-15 09:49:25', 4205, NULL, NULL, 1605, 3, 32500, 478, 11),
(1151, 8330235472, 65, 62, 'dire', 2, 8, 24, 366, 629, '[96,218,931,34,31,94]', '[]', 7198, 861, 0, '2026-01-15 09:49:25', NULL, NULL, NULL, 1607, 1, 15914, 51, 3),
(1152, 8329198991, 76, 4, 'radiant', 2, 6, 6, 353, 419, '[11,154,116,36,75,50]', '[]', 14590, 607, 125, '2026-01-15 09:49:29', NULL, NULL, NULL, 1605, 1, 11432, 157, 18),
(1153, 8329198991, 97, 59, 'radiant', 5, 8, 4, 381, 435, '[50,116,73,154,73]', '[]', 11368, 675, 0, '2026-01-15 09:49:29', NULL, NULL, NULL, 1605, 2, 12064, 177, 12),
(1154, 8329198991, 75, 135, 'radiant', 2, 8, 4, 392, 452, '[50,11,939,116,73]', '[]', 11512, 324, 2555, '2026-01-15 09:49:29', NULL, NULL, NULL, 1603, 3, 11075, 252, 10),
(1155, 8329198991, 98, 31, 'radiant', 2, 4, 7, 269, 337, '[21,36,60,42,214,1]', '[]', 16973, 19, 125, '2026-01-15 09:49:29', 40, 188, NULL, 675, 1, 8116, 83, 4),
(1156, 8329198991, 73, 5, 'radiant', 1, 8, 3, 238, 331, '[21,36,214,254,102,43]', '[]', 10474, 0, 0, '2026-01-15 09:49:29', 1123, 188, NULL, 1602, 3, 8566, 94, 2),
(1157, 8329198991, 78, 14, 'dire', 8, 5, 11, 522, 608, '[50,8,1,127,108,31]', '[]', 15030, 2350, 0, '2026-01-15 09:49:29', 73, 21, NULL, 1158, 1, 16381, 184, 9),
(1158, 8329198991, 99, 87, 'dire', 7, 0, 25, 364, 466, '[185,232,60,254,218,214]', '[]', 11535, 670, 0, '2026-01-15 09:49:29', 188, 23, NULL, 1599, 3, 12096, 27, 4),
(1159, 8329198991, 79, 20, 'dire', 11, 2, 17, 657, 711, '[63,147,108,149,139,73]', '[]', 22946, 10776, 0, '2026-01-15 09:49:29', NULL, 75, NULL, 1605, 2, 21932, 228, 18),
(1160, 8329198991, 81, 42, 'dire', 3, 2, 19, 779, 780, '[50,137,1,116,112,65]', '[]', 24135, 11763, 0, '2026-01-15 09:49:29', NULL, NULL, NULL, 1603, 3, 25731, 395, 7),
(1161, 8329198991, 82, 18, 'dire', 3, 3, 21, 322, 477, '[931,36,226]', '[]', 6974, 2720, 0, '2026-01-15 09:49:29', NULL, NULL, NULL, 1602, 1, 10158, 41, 3),
(1162, 8329149780, 78, 41, 'radiant', 3, 1, 14, 514, 476, '[63,36,116,158,75]', '[]', 9149, 5460, 0, '2026-01-15 09:49:33', NULL, NULL, NULL, 1638, 1, 14760, 164, 6),
(1163, 8329149780, 99, 45, 'radiant', 2, 3, 18, 349, 374, '[102,188,40,206,40,180]', '[]', 10755, 7520, 2318, '2026-01-15 09:49:33', 34, NULL, NULL, 840, 3, 8613, 28, 2),
(1164, 8329149780, 79, 25, 'radiant', 15, 2, 7, 754, 757, '[48,236,116,158,36,141]', '[]', 22568, 12090, 0, '2026-01-15 09:49:33', NULL, 41, NULL, 1638, 2, 21587, 239, 17),
(1165, 8329149780, 81, 57, 'radiant', 9, 2, 13, 545, 563, '[50,77,939,36,30,116]', '[]', 17453, 5948, 2775, '2026-01-15 09:49:33', NULL, NULL, NULL, 71, 3, 15350, 140, 13),
(1166, 8329149780, 82, 102, 'radiant', 0, 0, 20, 289, 403, '[180,188,42,86,79,269]', '[]', 5808, 48, 6768, '2026-01-15 09:49:33', NULL, NULL, NULL, 1638, 1, 8872, 13, 2),
(1167, 8329149780, 76, 32, 'dire', 0, 7, 5, 361, 391, '[108,36,4204,63,75,174]', '[]', 7652, 80, 0, '2026-01-15 09:49:33', NULL, NULL, NULL, 828, 3, 9512, 148, 10),
(1168, 8329149780, 97, 15, 'dire', 2, 6, 3, 341, 382, '[116,41,36,63,170,11]', '[]', 16390, 48, 0, '2026-01-15 09:49:33', NULL, NULL, NULL, 1604, 2, 9333, 141, 9),
(1169, 8329149780, 73, 64, 'dire', 0, 7, 3, 187, 265, '[218,34,180,206,4204,94]', '[]', 10243, 1298, 0, '2026-01-15 09:49:33', 188, 216, NULL, 359, 1, 4887, 29, 2),
(1170, 8329149780, 75, 42, 'dire', 2, 5, 3, 402, 386, '[50,1,11,73,137,21]', '[]', 9784, 64, 0, '2026-01-15 09:49:33', 16, NULL, NULL, 828, 1, 10976, 184, 31),
(1171, 8329149780, 98, 111, 'dire', 4, 4, 3, 265, 345, '[4205,180,104,34,1]', '[]', 7305, 0, 1464, '2026-01-15 09:49:33', NULL, NULL, NULL, 1604, 3, 7178, 58, 1),
(1172, 8329062663, 56, 93, 'radiant', 11, 0, 8, 698, 873, '[598,249,63,4205,139,692]', '[]', 28264, 17912, 400, '2026-01-15 09:49:36', 36, NULL, 569, 947, NULL, 28609, 330, 22),
(1173, 8329062663, 58, 31, 'radiant', 7, 5, 23, 394, 478, '[102,254,931,36,43,232]', '[]', 20109, 568, 0, '2026-01-15 09:49:36', 188, NULL, NULL, 1602, NULL, 14782, 53, 3),
(1174, 8329062663, 57, 120, 'radiant', 10, 4, 13, 506, 592, '[1,174,48,162,108,143]', '[]', 27720, 1565, 0, '2026-01-15 09:49:36', NULL, NULL, NULL, 1605, NULL, 18804, 187, 12),
(1175, 8329062663, 91, 33, 'radiant', 4, 5, 18, 395, 478, '[1,931,43,108,1802,36]', '[]', 17749, 3811, 0, '2026-01-15 09:49:36', 109, NULL, NULL, 1638, NULL, 16113, 127, 6),
(1176, 8329062663, 60, 81, 'radiant', 7, 2, 11, 479, 534, '[36,151,1,112,114,63]', '[]', 18014, 8909, 0, '2026-01-15 09:49:36', NULL, NULL, NULL, 327, NULL, 18685, 177, 8),
(1177, 8329062663, 92, 97, 'dire', 1, 8, 6, 242, 347, '[1,100,36,214]', '[]', 9484, 0, 0, '2026-01-15 09:49:36', NULL, NULL, NULL, 1602, NULL, 7938, 57, 0),
(1178, 8329062663, 95, 99, 'dire', 5, 8, 7, 408, 454, '[90,127,41,63,21,9]', '[]', 20772, 301, 322, '2026-01-15 09:49:36', NULL, NULL, NULL, 1603, NULL, 13951, 185, 13),
(1179, 8329062663, 93, 109, 'dire', 6, 5, 6, 590, 691, '[63,147,116,263,75,34]', '[]', 32549, 1526, 125, '2026-01-15 09:49:36', 4204, 5, NULL, 828, NULL, 22857, 400, 2),
(1180, 8329062663, 94, 137, 'dire', 1, 8, 8, 330, 425, '[116,178,244,50,108]', '[]', 11773, 0, 0, '2026-01-15 09:49:36', NULL, NULL, NULL, 1602, NULL, 12514, 173, 7),
(1181, 8329062663, 96, 58, 'dire', 3, 10, 6, 281, 376, '[102,36,100,218,92,29]', '[]', 4139, 0, 7100, '2026-01-15 09:49:36', NULL, NULL, NULL, 675, NULL, 8893, 41, 6),
(1182, 8328982538, 92, 20, 'radiant', 3, 7, 25, 302, 581, '[108,229,36,931,43,4206]', '[]', 18350, 2374, 0, '2026-01-15 09:49:40', 4205, NULL, NULL, 1643, NULL, 16988, 64, 6),
(1183, 8328982538, 95, 28, 'radiant', 10, 6, 19, 627, 889, '[1,63,112,108,235,116]', '[]', 22460, 4351, 0, '2026-01-15 09:49:40', 4206, 4206, NULL, 1608, NULL, 30065, 348, 10),
(1184, 8328982538, 94, 104, 'radiant', 8, 5, 20, 517, 735, '[1,127,50,210,116,108]', '[]', 31869, 2075, 3081, '2026-01-15 09:49:40', NULL, NULL, NULL, 1643, NULL, 26000, 324, 9),
(1185, 8328982538, 93, 12, 'radiant', 12, 5, 14, 678, 837, '[147,1097,141,63,114,139]', '[]', 49428, 22188, 0, '2026-01-15 09:49:40', NULL, NULL, NULL, 1643, NULL, 33190, 473, 17),
(1186, 8328982538, 96, 25, 'radiant', 10, 8, 21, 500, 592, '[100,180,176,108]', '[]', 32888, 1160, 0, '2026-01-15 09:49:40', NULL, NULL, NULL, 1607, NULL, 21860, 205, 3),
(1187, 8328982538, 56, 95, 'dire', 6, 6, 14, 724, 951, '[603,116,143,145,911,154]', '[]', 31518, 15862, 0, '2026-01-15 09:49:40', 23, 21, 22, 1643, NULL, 32385, 630, 18),
(1188, 8328982538, 91, 15, 'dire', 5, 14, 19, 425, 615, '[1466,36,112,242,265,50]', '[]', 26444, 1437, 0, '2026-01-15 09:49:40', NULL, NULL, NULL, 1602, NULL, 18534, 215, 15),
(1189, 8328982538, 57, 121, 'dire', 3, 7, 18, 341, 420, '[176,100,34,180,4206,42]', '[]', 17209, 236, 320, '2026-01-15 09:49:40', NULL, 4205, 1123, 1607, NULL, 15801, 98, 0),
(1190, 8328982538, 58, 103, 'dire', 4, 10, 20, 335, 431, '[226,931,37,36,180]', '[]', 24210, 145, 0, '2026-01-15 09:49:40', NULL, NULL, NULL, 1641, NULL, 14047, 54, 3),
(1191, 8328982538, 60, 43, 'dire', 11, 6, 13, 573, 960, '[119,123,1,116,110,48]', '[]', 42542, 7258, 0, '2026-01-15 09:49:40', 534, NULL, NULL, 1608, NULL, 28269, 367, 10),
(1192, 8327905462, 55, 135, 'radiant', 5, 11, 16, 479, 806, '[119,116,108,73,127,50]', '[]', 32203, 289, 7733, '2026-01-15 09:49:43', NULL, NULL, NULL, 1643, 3, 20704, 296, 11),
(1193, 8327905462, 54, 7, 'radiant', 3, 11, 17, 365, 536, '[1,37,40,180,60,235]', '[]', 22858, 0, 0, '2026-01-15 09:49:43', 43, 4205, NULL, 1642, 3, 13448, 136, 1),
(1194, 8327905462, 53, 69, 'radiant', 10, 14, 14, 628, 764, '[50,939,249,65,137,116]', '[]', 31822, 342, 0, '2026-01-15 09:49:43', NULL, NULL, NULL, 1643, 1, 25042, 318, 8),
(1195, 8327905462, 52, 21, 'radiant', 11, 7, 9, 572, 849, '[911,141,65,116,63,123]', '[]', 25642, 2167, 0, '2026-01-15 09:49:43', 41, NULL, NULL, 1643, 2, 24564, 329, 11),
(1196, 8327905462, 51, 90, 'radiant', 1, 6, 16, 358, 481, '[59,42,214,108,254,102]', '[]', 19559, 0, 3318, '2026-01-15 09:49:43', 4206, 4205, NULL, 1642, 1, 13418, 158, 3),
(1197, 8327905462, 56, 2, 'dire', 11, 7, 20, 605, 851, '[600,127,50,692,226,116]', '[]', 30296, 1758, 0, '2026-01-15 09:49:43', NULL, NULL, NULL, 1643, 1, 26784, 322, 16),
(1198, 8327905462, 57, 15, 'dire', 11, 5, 14, 557, 816, '[127,108,63,119,116,154]', '[]', 39347, 7852, 37, '2026-01-15 09:49:43', 41, 39, NULL, 1608, 2, 24961, 262, 13),
(1199, 8327905462, 58, 27, 'dire', 6, 4, 25, 419, 779, '[1,102,116,254,232,180]', '[]', 21565, 4555, 0, '2026-01-15 09:49:43', NULL, NULL, NULL, 1607, 3, 18176, 107, 0),
(1200, 8327905462, 91, 30, 'dire', 5, 9, 22, 368, 671, '[1,254,180,36,218,108]', '[]', 33158, 584, 6713, '2026-01-15 09:49:43', 244, 37, NULL, 359, 1, 14976, 57, 3),
(1201, 8327905462, 60, 67, 'dire', 16, 6, 19, 675, 952, '[208,147,250,75,63,108]', '[]', 46677, 10634, 0, '2026-01-15 09:49:43', NULL, NULL, NULL, 1643, 3, 31079, 310, 14),
(1202, 8327821760, 56, 44, 'radiant', 18, 5, 10, 827, 1108, '[208,116,6,168,63,145]', '[]', 54682, 6947, 0, '2026-01-15 09:49:47', NULL, NULL, NULL, 1641, 1, 31294, 460, 12),
(1203, 8327821760, 57, 69, 'radiant', 5, 13, 19, 533, 561, '[1,50,226,119,116]', '[]', 16587, 93, 0, '2026-01-15 09:49:47', NULL, NULL, 65, 1607, 3, 20117, 202, 11),
(1204, 8327821760, 60, 39, 'radiant', 13, 9, 17, 572, 1128, '[104,127,100,116,108,4206]', '[]', 49788, 2147, 0, '2026-01-15 09:49:47', 41, 63, NULL, 1607, 2, 21718, 262, 9),
(1205, 8327821760, 91, 83, 'radiant', 2, 13, 23, 344, 541, '[1,65,180,108,244]', '[]', 9982, 35, 7536, '2026-01-15 09:49:47', NULL, NULL, NULL, 840, 3, 12213, 82, 2),
(1206, 8327821760, 59, 31, 'radiant', 3, 7, 25, 319, 504, '[254,102,256,188,180,43]', '[]', 21883, 125, 0, '2026-01-15 09:49:47', 4204, 218, 4206, 675, 1, 12021, 53, 4),
(1207, 8327821760, 52, 113, 'dire', 16, 7, 14, 872, 1173, '[158,65,250,249,220,96]', '[]', 46335, 14098, 0, '2026-01-15 09:49:47', NULL, NULL, NULL, 1643, 3, 38580, 402, 7),
(1208, 8327821760, 71, 49, 'dire', 6, 11, 12, 466, 579, '[1,116,98,112,63,11]', '[]', 12434, 3022, 0, '2026-01-15 09:49:47', NULL, 4204, NULL, 1643, 1, 18113, 240, 7),
(1209, 8327821760, 55, 43, 'dire', 3, 11, 23, 387, 553, '[36,231,11,100,90]', '[]', 15624, 1532, 3598, '2026-01-15 09:49:47', NULL, NULL, 40, 1641, 1, 17338, 110, 1),
(1210, 8327821760, 53, 52, 'dire', 13, 8, 18, 606, 861, '[119,100,1,116,273,180]', '[]', 51939, 682, 0, '2026-01-15 09:49:47', NULL, NULL, NULL, 1641, 2, 22879, 312, 12),
(1211, 8327821760, 51, 68, 'dire', 8, 4, 30, 410, 815, '[42,254,30,180,206,37]', '[]', 15971, 216, 0, '2026-01-15 09:49:47', 4204, NULL, 11, 1607, 3, 15300, 35, 1),
(1212, 8327792328, 96, 30, 'radiant', 4, 9, 24, 362, 674, '[254,269,42,37,220,108]', '[]', 28480, 0, 11423, '2026-01-15 09:49:50', NULL, 188, NULL, 327, NULL, 19586, 77, 4),
(1213, 8327792328, 94, 40, 'radiant', 5, 8, 20, 438, 691, '[263,30,116,226,598,48]', '[]', 39233, 1967, 0, '2026-01-15 09:49:50', 98, 244, NULL, 377, NULL, 30291, 341, 6),
(1214, 8327792328, 93, 94, 'radiant', 12, 6, 18, 1049, 966, '[133,603,160,147,141,139]', '[]', 79398, 29456, 0, '2026-01-15 09:49:50', 4206, NULL, NULL, 377, NULL, 56650, 1315, 13),
(1215, 8327792328, 95, 28, 'radiant', 9, 6, 14, 642, 856, '[225,600,939,108,112,116]', '[]', 44445, 5950, 0, '2026-01-15 09:49:50', 4206, NULL, NULL, 292, NULL, 40971, 595, 11),
(1216, 8327792328, 92, 112, 'radiant', 1, 13, 13, 238, 453, '[1,73,36,180,244,256]', '[]', 12706, 41, 6193, '2026-01-15 09:49:50', 218, NULL, NULL, 327, NULL, 13817, 48, 3),
(1217, 8327792328, 88, 8, 'dire', 17, 6, 16, 679, 889, '[603,147,225,143,158,135]', '[]', 64966, 11073, 17574, '2026-01-15 09:49:50', NULL, NULL, 1575, 292, NULL, 39625, 680, 35),
(1218, 8327792328, 87, 129, 'dire', 4, 6, 24, 634, 852, '[116,96,600,156,112,48]', '[]', 19545, 630, 0, '2026-01-15 09:49:50', 4206, 33, NULL, 371, NULL, 35234, 705, 15),
(1219, 8327792328, 86, 39, 'dire', 10, 8, 21, 418, 749, '[96,226,100,48,116]', '[]', 24863, 1656, 250, '2026-01-15 09:49:50', NULL, NULL, NULL, 370, NULL, 19977, 281, 9),
(1220, 8327792328, 90, 126, 'dire', 6, 4, 29, 689, 941, '[610,147,119,48,141,1806]', '[]', 36535, 1535, 510, '2026-01-15 09:49:50', NULL, NULL, NULL, 371, NULL, 39455, 723, 10),
(1221, 8327792328, 107, 107, 'dire', 5, 8, 23, 408, 733, '[210,127,610,226,218,48]', '[]', 21882, 0, 0, '2026-01-15 09:49:50', 1804, 1804, NULL, 327, NULL, 22867, 230, 2),
(1222, 8649037382, 94, 3, 'radiant', 2, 7, 18, 317, 419, '[100,180,254,36,232]', '[]', 6948, 809, 125, '2026-01-15 11:20:41', 188, NULL, NULL, 1168, 1, 11978, 34, 4),
(1223, 8649037382, 100, 50, 'radiant', 2, 5, 17, 343, 467, '[231,90,226,73,36]', '[]', 4445, 350, 15517, '2026-01-15 11:20:41', NULL, NULL, NULL, 1604, 3, 14275, 116, 7),
(1224, 8649037382, 66, 54, 'radiant', 5, 3, 12, 660, 988, '[208,154,137,108,112,50]', '[]', 28873, 17198, 865, '2026-01-15 11:20:41', NULL, NULL, NULL, 1168, 1, 28603, 403, 15),
(1225, 8649037382, 95, 22, 'radiant', 8, 3, 30, 449, 576, '[100,43,180,77,108,110]', '[]', 41743, 1299, 0, '2026-01-15 11:20:41', NULL, NULL, NULL, 1168, 3, 20019, 113, 2),
(1226, 8649037382, 101, 13, 'radiant', 22, 1, 17, 789, 1224, '[63,600,235,204,123,1806]', '[]', 75352, 7748, 110, '2026-01-15 11:20:41', 77, 41, NULL, 1158, 2, 34199, 371, 10),
(1227, 8649037382, 78, 63, 'dire', 3, 6, 7, 509, 743, '[63,141,116,158,236,596]', '[]', 19948, 767, 0, '2026-01-15 11:20:41', NULL, 4206, NULL, 1643, 3, 19286, 367, 22),
(1228, 8649037382, 67, 102, 'dire', 9, 8, 8, 508, 574, '[1,147,98,50,36,137]', '[]', 31664, 304, 1480, '2026-01-15 11:20:41', NULL, NULL, NULL, 1643, 1, 18112, 333, 26),
(1229, 8649037382, 102, 23, 'dire', 2, 8, 10, 538, 629, '[36,692,96,127,114,50]', '[]', 22958, 160, 0, '2026-01-15 11:20:41', NULL, NULL, NULL, 1719, 2, 20981, 402, 12),
(1230, 8649037382, 82, 71, 'dire', 3, 9, 12, 266, 428, '[50,218,244,9,279,152]', '[]', 11144, 0, 0, '2026-01-15 11:20:41', NULL, NULL, 4205, 1643, 3, 8947, 60, 0),
(1231, 8649037382, 103, 39, 'dire', 2, 9, 9, 279, 440, '[36,267,127,40,100,29]', '[]', 22968, 211, 240, '2026-01-15 11:20:41', NULL, NULL, 42, 1168, 1, 10751, 136, 5),
(1232, 8648991740, 78, 42, 'radiant', 3, 0, 10, 463, 621, '[50,36,1,67,178,137]', '[]', 11806, 3322, 0, '2026-01-15 11:20:44', 97, NULL, NULL, 950, 3, 12472, 181, 11),
(1233, 8648991740, 104, 112, 'radiant', 3, 2, 16, 270, 369, '[1,77,218,180,34,9]', '[]', 13405, 378, 2852, '2026-01-15 11:20:44', NULL, 16, NULL, 840, 1, 8389, 40, 0),
(1234, 8648991740, 102, 84, 'radiant', 11, 2, 7, 684, 669, '[4205,65,1,273,1107,48]', '[]', 24045, 2042, 0, '2026-01-15 11:20:44', 41, 36, 4204, 1604, 2, 17205, 182, 21),
(1235, 8648991740, 103, 21, 'radiant', 6, 0, 11, 321, 404, '[36,92,94,231,31]', '[]', 12598, 1591, 2302, '2026-01-15 11:20:44', 188, NULL, NULL, 1604, 3, 7956, 56, 0),
(1236, 8648991740, 67, 95, 'radiant', 3, 4, 9, 583, 694, '[36,154,116,50,244,145]', '[]', 13455, 1360, 0, '2026-01-15 11:20:44', NULL, 4204, NULL, 71, 1, 15283, 282, 21),
(1237, 8648991740, 94, 98, 'dire', 1, 6, 7, 292, 316, '[57,73,244,231,23,13]', '[]', 6579, 0, 2511, '2026-01-15 11:20:44', 11, NULL, NULL, 71, 1, 7340, 86, 3),
(1238, 8648991740, 101, 48, 'dire', 2, 4, 4, 500, 531, '[63,263,172,36,60,75]', '[]', 13384, 609, 0, '2026-01-15 11:20:44', 21, 23, NULL, 1638, 3, 12487, 260, 9),
(1239, 8648991740, 66, 30, 'dire', 2, 4, 3, 220, 237, '[267,16,34,218,180]', '[]', 7916, 0, 2032, '2026-01-15 11:20:44', 16, NULL, NULL, 1604, 3, 5238, 16, 2),
(1240, 8648991740, 95, 28, 'dire', 3, 8, 4, 286, 370, '[41,1,38,16,63,36]', '[]', 7294, 0, 0, '2026-01-15 11:20:44', NULL, NULL, NULL, 1638, 2, 7032, 70, 4),
(1241, 8648991740, 100, 37, 'dire', 0, 4, 5, 199, 237, '[180,254,43,188,36]', '[]', 5715, 0, 7414, '2026-01-15 11:20:44', NULL, NULL, NULL, 565, 1, 4993, 39, 4),
(1242, 8648893129, 104, 71, 'radiant', 4, 11, 21, 354, 746, '[50,226,267,152,60]', '[]', 17133, 1279, 1152, '2026-01-15 11:20:47', NULL, NULL, NULL, 1720, 3, 15742, 91, 1),
(1243, 8648893129, 103, 43, 'radiant', 10, 6, 24, 632, 918, '[108,206,100,119,110,48]', '[]', 60275, 7482, 0, '2026-01-15 11:20:47', NULL, NULL, NULL, 1168, 2, 28583, 361, 11),
(1244, 8648893129, 67, 63, 'radiant', 10, 3, 14, 721, 1046, '[156,158,116,123,141,135]', '[]', 43956, 12204, 0, '2026-01-15 11:20:47', 4205, 4204, NULL, 1721, 1, 32809, 454, 8),
(1245, 8648893129, 102, 81, 'radiant', 11, 9, 10, 635, 818, '[114,151,1,939,112,63]', '[]', 38048, 6103, 0, '2026-01-15 11:20:47', NULL, NULL, 4204, 371, 3, 27271, 380, 19),
(1246, 8648893129, 78, 102, 'radiant', 0, 9, 15, 278, 584, '[229,40,42,185,180,21]', '[]', 9337, 434, 11221, '2026-01-15 11:20:47', 36, 4204, NULL, 1601, 1, 10103, 50, 5),
(1247, 8648893129, 93, 8, 'dire', 8, 5, 18, 688, 936, '[63,603,147,145,139,108]', '[]', 56222, 5075, 15007, '2026-01-15 11:20:47', NULL, NULL, NULL, 1605, 3, 28741, 539, 7),
(1248, 8648893129, 64, 129, 'dire', 8, 11, 21, 474, 616, '[50,1,116,96,36]', '[]', 36115, 883, 1788, '2026-01-15 11:20:47', NULL, NULL, NULL, 1601, 2, 18000, 259, 5),
(1249, 8648893129, 105, 9, 'dire', 7, 6, 17, 325, 508, '[267,37,36,108,180,218]', '[]', 29474, 684, 148, '2026-01-15 11:20:47', NULL, NULL, NULL, 1721, 3, 12668, 88, 0),
(1250, 8648893129, 81, 85, 'dire', 10, 7, 25, 437, 580, '[178,108,242,40,36,231]', '[]', 27248, 1441, 12687, '2026-01-15 11:20:47', NULL, NULL, NULL, 1720, 1, 17501, 185, 21),
(1251, 8648893129, 106, 101, 'dire', 3, 8, 25, 307, 465, '[206,254,37,244,36,180]', '[]', 24118, 48, 0, '2026-01-15 11:20:47', NULL, 4204, NULL, 1158, 1, 10173, 84, 1),
(1252, 8648803512, 105, 30, 'radiant', 8, 10, 23, 348, 604, '[1,102,36,100,226,180]', '[]', 25330, 322, 26680, '2026-01-15 11:20:51', 188, NULL, NULL, 1720, 1, 16198, 28, 1),
(1253, 8648803512, 93, 109, 'radiant', 9, 5, 13, 637, 801, '[63,147,263,116,160,141]', '[]', 30425, 16771, 0, '2026-01-15 11:20:51', NULL, NULL, NULL, 1721, 1, 28515, 507, 8),
(1254, 8648803512, 64, 35, 'radiant', 10, 4, 18, 579, 701, '[29,263,152,158,141,51]', '[]', 45630, 8215, 0, '2026-01-15 11:20:51', 36, NULL, NULL, 1643, 2, 25586, 374, 7),
(1255, 8648803512, 81, 38, 'radiant', 8, 7, 26, 518, 694, '[635,29,1,116,226,90]', '[]', 26717, 11495, 726, '2026-01-15 11:20:51', NULL, NULL, NULL, 1168, 3, 23348, 310, 7),
(1256, 8648803512, 106, 23, 'radiant', 6, 8, 28, 381, 593, '[92,231,218,256,4206,102]', '[]', 18372, 0, 14124, '2026-01-15 11:20:51', 4204, 36, NULL, 1719, 3, 15101, 145, 1),
(1257, 8648803512, 102, 138, 'dire', 12, 8, 12, 721, 916, '[116,110,603,158,141,63]', '[]', 54219, 7703, 0, '2026-01-15 11:20:51', NULL, NULL, NULL, 1643, 2, 31874, 506, 25),
(1258, 8648803512, 78, 53, 'dire', 3, 11, 23, 469, 711, '[96,4206,267,168,63,108]', '[]', 27405, 2237, 892, '2026-01-15 11:20:51', 4205, NULL, NULL, 1720, 3, 19322, 271, 4),
(1259, 8648803512, 104, 71, 'dire', 7, 10, 16, 382, 732, '[50,100,226,152,23]', '[]', 16801, 953, 0, '2026-01-15 11:20:51', 40, NULL, NULL, 1168, 1, 15690, 122, 2),
(1260, 8648803512, 103, 137, 'dire', 3, 7, 21, 487, 748, '[50,1,116,119,108,36]', '[]', 28733, 1227, 0, '2026-01-15 11:20:51', NULL, 43, NULL, 1168, 1, 19843, 309, 9),
(1261, 8648803512, 67, 48, 'dire', 9, 5, 15, 798, 1039, '[116,156,147,48,110,139]', '[]', 41826, 18128, 0, '2026-01-15 11:20:51', NULL, NULL, NULL, 1605, 3, 39918, 686, 10);

--
-- 表: matches
--

TRUNCATE TABLE `matches`;

INSERT INTO `matches` (`match_id`, `league_id`, `start_time`, `duration`, `radiant_win`, `radiant_score`, `dire_score`, `radiant_team_id`, `radiant_team_name`, `dire_team_id`, `dire_team_name`, `game_mode`, `analysis_status`, `created_at`, `updated_at`, `edition`, `radiant_team_logo_url`, `dire_team_logo_url`) VALUES
(8327792328, 17485, 1749473907, 4658, 1, 31, 42, 8814609, 'Xikii Industry', 9805795, 'JunJun队', 4, 'pending', '2026-01-15 09:49:50', '2026-01-15 09:50:06', 1, NULL, NULL),
(8327821760, 17485, 1749475198, 2769, 0, 41, 46, 9805312, '浩劫残阳', 9805777, '黑屋战神', 4, 'pending', '2026-01-15 09:49:47', '2026-01-15 09:50:06', 1, NULL, NULL),
(8327905462, 17485, 1749478614, 2874, 0, 31, 49, NULL, NULL, 9805312, '浩劫残阳', 4, 'pending', '2026-01-15 09:49:43', '2026-01-15 09:50:06', 1, NULL, NULL),
(8328982538, 17485, 1749556731, 3416, 1, 43, 31, 8814609, 'Xikii Industry', 9805312, '浩劫残阳', 4, 'pending', '2026-01-15 09:49:40', '2026-01-15 09:50:06', 1, NULL, NULL),
(8329062663, 17485, 1749560700, 2457, 1, 39, 16, 9805312, '浩劫残阳', 8814609, 'Xikii Industry', 4, 'pending', '2026-01-15 09:49:36', '2026-01-15 09:50:06', 1, NULL, NULL),
(8329149780, 17485, 1749564435, 1724, 1, 29, 8, 9800258, '我的我的我有罪', 9806337, '祝我们好运', 4, 'pending', '2026-01-15 09:49:33', '2026-01-15 09:50:06', 1, NULL, NULL),
(8329198991, 17485, 1749566466, 2029, 0, 12, 34, 9806337, '祝我们好运', 9800258, '我的我的我有罪', 4, 'pending', '2026-01-15 09:49:29', '2026-01-15 09:50:06', 1, NULL, NULL),
(8330235472, 17485, 1749643134, 3035, 0, 22, 39, 9800258, '我的我的我有罪', 9804443, 'A9河牛', 4, 'pending', '2026-01-15 09:49:25', '2026-01-15 09:50:06', 1, NULL, NULL),
(8330305420, 17485, 1749646618, 3405, 0, 34, 32, 9804443, 'A9河牛', 9800258, '我的我的我有罪', 4, 'pending', '2026-01-15 09:49:21', '2026-01-15 09:50:06', 1, NULL, NULL),
(8330310704, 17485, 1749646869, 2886, 0, 19, 37, 8814609, 'Xikii Industry', 9805777, '黑屋战神', 4, 'pending', '2026-01-15 09:49:18', '2026-01-15 09:50:06', 1, NULL, NULL),
(8330386933, 17485, 1749650221, 1892, 1, 20, 10, NULL, NULL, 8814609, 'Xikii Industry', 4, 'pending', '2026-01-15 09:49:15', '2026-01-15 09:50:06', 1, NULL, NULL),
(8330436024, 17485, 1749652290, 2213, 1, 33, 13, 9805312, '浩劫残阳', 9805795, 'JunJun队', 4, 'pending', '2026-01-15 09:49:12', '2026-01-15 09:50:06', 1, NULL, NULL),
(8330497506, 17485, 1749654904, 3003, 1, 47, 17, 9805795, 'JunJun队', 9805312, '浩劫残阳', 4, 'pending', '2026-01-15 09:49:09', '2026-01-15 09:50:06', 1, NULL, NULL),
(8331547023, 17485, 1749730638, 2023, 0, 20, 30, 9805795, 'JunJun队', 9805777, '黑屋战神', 4, 'pending', '2026-01-15 09:49:06', '2026-01-15 09:50:06', 1, NULL, NULL),
(8331575362, 17485, 1749732030, 3938, 1, 41, 45, 9806321, '吃可爱长大', 9804443, 'A9河牛', 4, 'pending', '2026-01-15 09:49:03', '2026-01-15 09:50:06', 1, NULL, NULL),
(8331601852, 17485, 1749733227, 4259, 1, 40, 39, 9805777, '黑屋战神', NULL, NULL, 4, 'pending', '2026-01-15 09:49:01', '2026-01-15 09:50:06', 1, NULL, NULL),
(8331688974, 17485, 1749736987, 2392, 1, 33, 12, 9804443, 'A9河牛', 9806321, '吃可爱长大', 4, 'pending', '2026-01-15 09:48:57', '2026-01-15 09:50:06', 1, NULL, NULL),
(8331770997, 17485, 1749740350, 3339, 0, 25, 35, 9806337, '祝我们好运', 9806321, '吃可爱长大', 4, 'pending', '2026-01-15 09:48:51', '2026-01-15 09:50:06', 1, NULL, NULL),
(8331857989, 17485, 1749744175, 1961, 1, 49, 18, 9806321, '吃可爱长大', NULL, NULL, 4, 'pending', '2026-01-15 09:48:54', '2026-01-15 09:50:06', 1, NULL, NULL),
(8332867226, 17485, 1749818415, 1943, 1, 42, 13, 9806321, '吃可爱长大', 9800258, '我的我的我有罪', 4, 'pending', '2026-01-15 09:48:48', '2026-01-15 09:50:06', 1, NULL, NULL),
(8332962777, 17485, 1749822501, 1791, 0, 14, 55, 9806337, '祝我们好运', 9804443, 'A9河牛', 4, 'pending', '2026-01-15 09:48:45', '2026-01-15 09:50:06', 1, NULL, NULL),
(8333016991, 17485, 1749824630, 2130, 1, 50, 19, NULL, NULL, 9806337, '祝我们好运', 4, 'pending', '2026-01-15 09:48:42', '2026-01-15 09:50:06', 1, NULL, NULL),
(8337154327, 17485, 1750076860, 1467, 1, 35, 8, 9804443, 'A9河牛', 9805777, '黑屋战神', 4, 'pending', '2026-01-15 09:48:39', '2026-01-15 09:50:06', 1, NULL, NULL),
(8337157874, 17485, 1750077033, 2428, 0, 14, 28, 9806321, '吃可爱长大', 9805312, '浩劫残阳', 4, 'pending', '2026-01-15 09:48:36', '2026-01-15 09:50:06', 1, NULL, NULL),
(8337199944, 17485, 1750078934, 2088, 1, 39, 17, 9805777, '黑屋战神', 9804443, 'A9河牛', 4, 'pending', '2026-01-15 09:48:27', '2026-01-15 09:50:06', 1, NULL, NULL),
(8337240888, 17485, 1750080673, 2716, 1, 32, 19, 9805312, '浩劫残阳', 9806321, '吃可爱长大', 4, 'pending', '2026-01-15 09:48:24', '2026-01-15 09:50:06', 1, NULL, NULL),
(8337261033, 17485, 1750081490, 2225, 0, 23, 31, 9804443, 'A9河牛', NULL, NULL, 4, 'pending', '2026-01-15 09:48:21', '2026-01-15 09:50:06', 1, NULL, NULL),
(8339721762, 17485, 1750248449, 3188, 1, 34, 35, 9805777, '黑屋战神', 9805312, '浩劫残阳', 4, 'pending', '2026-01-15 09:48:18', '2026-01-15 09:50:06', 1, NULL, NULL),
(8339803075, 17485, 1750252261, 2672, 1, 36, 35, 9805312, '浩劫残阳', 9805777, '黑屋战神', 4, 'pending', '2026-01-15 09:48:15', '2026-01-15 09:50:06', 1, NULL, NULL),
(8339878490, 17485, 1750255448, 2272, 1, 32, 9, 9805777, '黑屋战神', 9805312, '浩劫残阳', 4, 'pending', '2026-01-15 09:48:12', '2026-01-15 09:50:06', 1, NULL, NULL),
(8648803512, 18365, 1768392576, 3222, 1, 41, 34, 10026828, '洛杉矶黄人', 10027116, '迈阿密惹火', 4, 'pending', '2026-01-15 11:20:51', '2026-01-15 11:20:55', 1, NULL, NULL),
(8648893129, 18365, 1768396847, 2901, 1, 36, 38, NULL, NULL, 10026828, '洛杉矶黄人', 4, 'pending', '2026-01-15 11:20:47', '2026-01-15 11:20:55', 1, NULL, NULL),
(8648991740, 18365, 1768401045, 1558, 1, 26, 8, 10027116, '迈阿密惹火', 10026977, 'Y仔码头', 4, 'pending', '2026-01-15 11:20:44', '2026-01-15 11:20:55', 1, NULL, NULL),
(8649037382, 18365, 1768402991, 2655, 1, 40, 19, 10026977, 'Y仔码头', 10027116, '迈阿密惹火', 4, 'pending', '2026-01-15 11:20:41', '2026-01-15 11:20:55', 1, NULL, NULL);

--
-- 表: players
--

TRUNCATE TABLE `players`;

INSERT INTO `players` (`player_id`, `steam_id`, `nickname`, `avatar_url`, `total_matches`, `total_wins`, `avg_kda`, `created_at`, `updated_at`) VALUES
(51, 143573255, '仙嘟嘟', 'https://avatars.steamstatic.com/cf01f5dee6612c944dc8cb1991cdd97576c80de7_full.jpg', 0, 0, '0.00', '2026-01-13 10:25:03', '2026-01-14 10:50:53'),
(52, 138376009, 'NOMAD', 'https://avatars.steamstatic.com/3d4d0322b8550e8c305207252abf2cfeeb392da1_full.jpg', 0, 0, '0.00', '2026-01-13 10:25:03', '2026-01-14 10:50:53'),
(53, 144000083, '别感冒', 'https://avatars.steamstatic.com/eb3b6d6a17ef610cac03d98b842fe68596aeba89_full.jpg', 0, 0, '0.00', '2026-01-13 10:25:03', '2026-01-14 10:50:53'),
(54, 211528882, '弗勒德莉丝', 'https://avatars.steamstatic.com/c592d397725e13fbe5a49069b8248e5252393728_full.jpg', 0, 0, '0.00', '2026-01-13 10:25:03', '2026-01-14 10:50:53'),
(55, 248361227, 'Dr.Wu', 'https://avatars.steamstatic.com/fef49e7fa7e1997310d705b2a6158ff8dc1cdfeb_full.jpg', 0, 0, '0.00', '2026-01-13 10:25:03', '2026-01-14 10:50:53'),
(56, 142433270, '陌上人如玉', 'https://avatars.steamstatic.com/6d95f770cc987b42fceeb0a1ca4316e0127c6da2_full.jpg', 0, 0, '0.00', '2026-01-13 10:25:03', '2026-01-14 10:50:53'),
(57, 267981260, '慢慢痊愈摇风铃', 'https://avatars.steamstatic.com/3a1c9b9b812d430c540c4e2708341ce44084b6a0_full.jpg', 0, 0, '0.00', '2026-01-13 10:25:03', '2026-01-14 10:50:53'),
(58, 140129251, 'wonevery', 'https://avatars.steamstatic.com/fef49e7fa7e1997310d705b2a6158ff8dc1cdfeb_full.jpg', 0, 0, '0.00', '2026-01-13 10:25:03', '2026-01-14 10:50:53'),
(59, 167259658, '整活', 'https://avatars.steamstatic.com/2123605e4134d7b18e7da7cc85e730ff705835fb_full.jpg', 0, 0, '0.00', '2026-01-13 10:25:03', '2026-01-14 10:50:53'),
(60, 185758907, '吗喽', 'https://avatars.steamstatic.com/f41a70f20d2636e4e73e5c7df1a15db096c0e737_full.jpg', 0, 0, '0.00', '2026-01-13 10:25:03', '2026-01-14 10:50:53'),
(61, 169938272, '远西', 'https://avatars.steamstatic.com/9f323cd1f17f21121127c5ca74c7ad1c21975ed2_full.jpg', 0, 0, '0.00', '2026-01-13 10:25:12', '2026-01-14 10:50:53'),
(62, 138186261, 'Evvvvvvv', 'https://avatars.steamstatic.com/51f44372823219655f6edefe89e6ddb792f9a46d_full.jpg', 0, 0, '0.00', '2026-01-13 10:25:12', '2026-01-14 10:50:53'),
(63, 428160866, '擎天小猪', 'https://avatars.steamstatic.com/197b216d0bc0424981342a42f32991cfa94ea29f_full.jpg', 0, 0, '0.00', '2026-01-13 10:25:13', '2026-01-14 10:50:53'),
(64, 136207520, '空空如也', 'https://avatars.steamstatic.com/ae719fc00635e3f275378a491f3bccd2846bd997_full.jpg', 0, 0, '0.00', '2026-01-13 10:25:13', '2026-01-14 10:50:53'),
(65, 324640845, '脑·浆·王', 'https://avatars.steamstatic.com/6f4f00b5430ac15023e4f45dd0e74c7b08d86630_full.jpg', 0, 0, '0.00', '2026-01-13 10:25:13', '2026-01-14 10:50:53'),
(66, 243896604, '电竞董卓', 'https://avatars.steamstatic.com/2b97606e008975f0f664185bce1a12cde564b754_full.jpg', 0, 0, '0.00', '2026-01-13 10:25:16', '2026-01-14 10:50:53'),
(67, 852988612, '麻球球', 'https://avatars.steamstatic.com/9c5247ea045e7407ce1c22f87c36ccaac164a825_full.jpg', 0, 0, '0.00', '2026-01-13 10:25:16', '2026-01-14 10:50:53'),
(68, 144852774, '鬼脚七', 'https://avatars.steamstatic.com/b36efe0aad8877151736a5fd3c10ad36b9bb8e94_full.jpg', 0, 0, '0.00', '2026-01-13 10:25:16', '2026-01-14 10:50:53'),
(69, 318832881, '阿倪蛋糕店', 'https://avatars.steamstatic.com/f1141e5cac1c2710b55d491925683c7572f75548_full.jpg', 0, 0, '0.00', '2026-01-13 10:25:16', '2026-01-14 10:50:53'),
(70, 164698669, '原谅我吧 佐助', 'https://avatars.steamstatic.com/93c29ea6c36d6786512dabd994b42a87c974074f_full.jpg', 0, 0, '0.00', '2026-01-13 10:25:16', '2026-01-14 10:50:53'),
(71, 249287131, '反派角色', 'https://avatars.steamstatic.com/2aacf5cec3cde77e6c12ceea02242267b61f2a4f_full.jpg', 0, 0, '0.00', '2026-01-13 10:25:26', '2026-01-14 10:50:53'),
(72, 322779620, 'la liberté', 'https://avatars.steamstatic.com/a3fa6035cc1e491024648eac9317087663870009_full.jpg', 0, 0, '0.00', '2026-01-13 10:25:30', '2026-01-14 10:50:53'),
(73, 174322125, '打赏队友，嘲讽对手', 'https://avatars.steamstatic.com/1c046c2d363bd61ecf717dc5819c93e321ea355f_full.jpg', 0, 0, '0.00', '2026-01-13 10:25:30', '2026-01-14 10:50:53'),
(74, 250712271, '吉祥物', 'https://avatars.steamstatic.com/3a01976a49f0b06d13000088c0eb7c35ba268f88_full.jpg', 0, 0, '0.00', '2026-01-13 10:25:30', '2026-01-14 10:50:53'),
(75, 1156079181, '豆浆哥哥', 'https://avatars.steamstatic.com/b7de6c3b545e9e8b7dfa3927dec85929cecf7e11_full.jpg', 0, 0, '0.00', '2026-01-13 10:25:30', '2026-01-14 10:50:53'),
(76, 182885652, '再次重逢的世界', 'https://avatars.steamstatic.com/d6ef1cff391542169cdc8412f9a42ca996a39c19_full.jpg', 0, 0, '0.00', '2026-01-13 10:25:30', '2026-01-14 10:50:53'),
(77, 128464274, '狗等看好了', 'https://avatars.steamstatic.com/c6ffa4c15c9ca13537e46d3e3aaf98dffb5cd279_full.jpg', 0, 0, '0.00', '2026-01-13 10:25:30', '2026-01-14 10:50:53'),
(78, 136983700, '迟发性恋爱脑晚期', 'https://avatars.steamstatic.com/ec5821eb4cdbabdd99d343750b5dd0a039b13cbf_full.jpg', 0, 0, '0.00', '2026-01-13 10:25:37', '2026-01-14 10:50:53'),
(79, 143947238, '杨院士首席研究员', 'https://avatars.steamstatic.com/c7a1927c4ec436ea0e852dfed067c5eb0c5d7635_full.jpg', 0, 0, '0.00', '2026-01-13 10:25:37', '2026-01-14 10:50:53'),
(80, 213344119, 'Matroid', 'https://avatars.steamstatic.com/bc58cf68fa15dc3b4cd896b670ccea9e365b636b_full.jpg', 0, 0, '0.00', '2026-01-13 10:25:37', '2026-01-14 10:50:53'),
(81, 104341371, '[K]eepSylaring', 'https://avatars.steamstatic.com/b189c6809248b8e470a896424209988aad9024fa_full.jpg', 0, 0, '0.00', '2026-01-13 10:25:37', '2026-01-14 10:50:53'),
(82, 52046572, 'YYG', 'https://avatars.steamstatic.com/9e030ebd02e10f090f2c450a5668eb2b2971ee31_full.jpg', 0, 0, '0.00', '2026-01-13 10:25:37', '2026-01-14 10:50:53'),
(83, 157726725, '新手求带', 'https://avatars.steamstatic.com/f8256e8493844b1cbdf82f7c54808792bed297ff_full.jpg', 0, 0, '0.00', '2026-01-13 10:25:40', '2026-01-14 10:50:53'),
(84, 113498171, 'Binks', 'https://avatars.steamstatic.com/da00c857f3c775f31e951707e453e3ecb34d88c6_full.jpg', 0, 0, '0.00', '2026-01-13 10:25:43', '2026-01-14 10:50:53'),
(85, 198789976, '76.laohuang', 'https://avatars.steamstatic.com/77a8ff5b16002929e6ce0105690c1846da5e26e8_full.jpg', 0, 0, '0.00', '2026-01-13 10:25:47', '2026-01-14 10:50:53'),
(86, 190677692, '尼卡', 'https://avatars.steamstatic.com/fef49e7fa7e1997310d705b2a6158ff8dc1cdfeb_full.jpg', 0, 0, '0.00', '2026-01-13 10:25:51', '2026-01-14 10:50:53'),
(87, 139538424, '六口瓶子嗨翻全场', 'https://avatars.steamstatic.com/7a6168793f9415c5c7c16b17bd3d4f82084afd31_full.jpg', 0, 0, '0.00', '2026-01-13 10:25:51', '2026-01-14 10:50:53'),
(88, 163483470, 'Reap', 'https://avatars.steamstatic.com/a4d3ac86d74cac112f5e334e3749acd23f4fcc65_full.jpg', 0, 0, '0.00', '2026-01-13 10:25:51', '2026-01-14 10:50:53'),
(89, 1862359312, '赟小爷', 'https://avatars.steamstatic.com/57faa00b7ab94fb8d3495083c3333759290f8e69_full.jpg', 0, 0, '0.00', '2026-01-13 10:25:51', '2026-01-14 10:50:53'),
(90, 169061275, '一只小松鼠Z(* ▽ *)', 'https://avatars.steamstatic.com/9e76a588d5fac130e988bc2bb12fd8e5c9b7184c_full.jpg', 0, 0, '0.00', '2026-01-13 10:25:51', '2026-01-14 10:50:53'),
(91, 78601976, '仐', 'https://avatars.steamstatic.com/e8cc1244450de35827728531187901c242088c7e_full.jpg', 0, 0, '0.00', '2026-01-13 10:26:01', '2026-01-14 10:50:53'),
(92, 125346328, 'Xikii厂长', 'https://avatars.steamstatic.com/89544450fe167301bf8702aeaed36c8e072ed4e8_full.jpg', 0, 0, '0.00', '2026-01-13 10:26:07', '2026-01-14 10:50:53'),
(93, 87357433, 'Hello L.A.', 'https://avatars.steamstatic.com/445f1ca9fafd12e8711958e897d06e5e55b22f97_full.jpg', 0, 0, '0.00', '2026-01-13 10:26:07', '2026-01-14 10:50:53'),
(94, 218425917, '血崩之前都是兄弟', 'https://avatars.steamstatic.com/fef49e7fa7e1997310d705b2a6158ff8dc1cdfeb_full.jpg', 0, 0, '0.00', '2026-01-13 10:26:07', '2026-01-14 10:50:53'),
(95, 123445913, '观音开-红姬改', 'https://avatars.steamstatic.com/28c5d9783ed598a5e309ed2ed49bc88f5f91bbc8_full.jpg', 0, 0, '0.00', '2026-01-13 10:26:07', '2026-01-14 10:50:53'),
(96, 121593279, '七级吃撑', 'https://avatars.steamstatic.com/abb196fbbd2cb5f1274d5d61c26fd628ec3b5cb7_full.jpg', 0, 0, '0.00', '2026-01-13 10:26:07', '2026-01-14 10:50:53'),
(97, 1261804345, '交警大队梁sir', 'https://avatars.steamstatic.com/c90661e7b12d43cc153fae6ba76e822951470efa_full.jpg', 0, 0, '0.00', '2026-01-13 10:26:22', '2026-01-14 10:50:53'),
(98, 242169796, '不是技术，全靠运气', 'https://avatars.steamstatic.com/e47cb6b0db034ec244f02910d0d2b62aba49821c_full.jpg', 0, 0, '0.00', '2026-01-13 10:26:22', '2026-01-14 10:50:53'),
(99, 1158682699, '嗯', 'https://avatars.steamstatic.com/5e4c3d1798e9fc4a7ecec79033cbd6937dc3cff7_full.jpg', 0, 0, '0.00', '2026-01-13 10:26:22', '2026-01-14 10:50:53'),
(100, 251142207, '快进我棉被', 'https://avatars.steamstatic.com/5434d471a10b7f9995462fb5c8775e7d85b099e7_full.jpg', 0, 0, '0.00', '2026-01-14 16:23:20', '2026-01-14 16:25:50'),
(101, 1581453439, '乐邦詹士2', 'https://avatars.steamstatic.com/fef49e7fa7e1997310d705b2a6158ff8dc1cdfeb_full.jpg', 0, 0, '0.00', '2026-01-14 16:23:20', '2026-01-14 16:25:50'),
(102, 101968048, 'levetiracetam', 'https://avatars.steamstatic.com/7470cbd7ed423bac389e60e2eb226b9e256dfa06_full.jpg', 0, 0, '0.00', '2026-01-14 16:23:20', '2026-01-14 16:25:50'),
(103, 140122850, 'WADE', 'https://avatars.steamstatic.com/2458fc477bbe73b6f7096528c32f40b142ad0d49_full.jpg', 0, 0, '0.00', '2026-01-14 16:23:20', '2026-01-14 16:25:50'),
(104, 258648725, '迈克·米勒', 'https://avatars.steamstatic.com/83fbd23d626c9bcd003ba78f681f679aca6ac267_full.jpg', 0, 0, '0.00', '2026-01-14 16:23:24', '2026-01-14 16:28:20'),
(105, 122951386, 'KARINA IS GOD', 'https://avatars.steamstatic.com/059e2a33b4bf5b86f319f289cd85523979249a69_full.jpg', 0, 0, '0.00', '2026-01-14 16:23:28', '2026-01-14 16:28:34'),
(106, 129476120, 'Ammo', 'https://avatars.steamstatic.com/59b0adad52ec0d16d8875b0cac685cd226e3b59e_full.jpg', 0, 0, '0.00', '2026-01-14 16:23:28', '2026-01-14 16:28:34'),
(107, 148352015, 'Player_148352015', NULL, 0, 0, '0.00', '2026-01-15 09:49:50', '2026-01-15 09:49:50');

--
-- 表: sync_logs
--

TRUNCATE TABLE `sync_logs`;

INSERT INTO `sync_logs` (`id`, `sync_type`, `status`, `error_message`, `synced_count`, `created_at`) VALUES
(1, 'match', 'success', NULL, 0, '2026-01-13 09:17:18'),
(2, 'match', 'success', NULL, 17, '2026-01-13 09:53:37'),
(3, 'match', 'success', NULL, 26, '2026-01-13 10:26:27'),
(4, 'match', 'success', NULL, 0, '2026-01-13 14:00:00'),
(5, 'match', 'success', NULL, 4, '2026-01-14 16:23:31'),
(6, 'match', 'success', NULL, 0, '2026-01-14 16:45:25'),
(7, 'match', 'success', NULL, 4, '2026-01-14 16:57:53'),
(8, 'match', 'success', NULL, 0, '2026-01-14 16:58:00'),
(9, 'match', 'success', NULL, 4, '2026-01-15 05:55:18'),
(10, 'match', 'success', NULL, 0, '2026-01-15 05:55:22'),
(11, 'match', 'success', NULL, 0, '2026-01-15 05:59:19'),
(12, 'match', 'success', NULL, 0, '2026-01-15 07:45:53'),
(13, 'match', 'success', NULL, 4, '2026-01-15 07:47:21'),
(14, 'match', 'success', NULL, 4, '2026-01-15 07:55:24'),
(15, 'match', 'success', NULL, 0, '2026-01-15 08:00:28'),
(16, 'match', 'success', NULL, 0, '2026-01-15 08:02:39'),
(17, 'match', 'success', NULL, 4, '2026-01-15 08:07:23'),
(18, 'match', 'success', NULL, 4, '2026-01-15 08:14:58'),
(19, 'match', 'success', NULL, 0, '2026-01-15 08:16:43'),
(20, 'match', 'success', NULL, 4, '2026-01-15 09:19:12'),
(21, 'match', 'success', NULL, 4, '2026-01-15 09:27:55'),
(22, 'match', 'failed', 'WHERE parameter "league_id" has invalid "undefined" value', 0, '2026-01-15 09:47:45'),
(23, 'match', 'success', NULL, 30, '2026-01-15 09:50:06'),
(24, 'match', 'success', NULL, 4, '2026-01-15 11:20:55');

SET FOREIGN_KEY_CHECKS = 1;

-- ============================================
-- 导出完成
-- 总记录数: 474
-- ============================================
